,Timegrp,DayOfWeek,Incident
0,22-24,Monday,1
1,22-24,Monday,1
2,22-24,Monday,1
3,22-24,Monday,1
4,22-24,Monday,1
5,22-24,Monday,1
6,22-24,Monday,1
7,22-24,Monday,1
8,22-24,Monday,1
9,22-24,Monday,1
10,22-24,Monday,1
11,22-24,Monday,1
12,22-24,Monday,1
13,22-24,Monday,1
14,22-24,Monday,1
15,22-24,Monday,1
16,22-24,Monday,1
17,22-24,Monday,1
18,22-24,Monday,1
19,22-24,Monday,1
20,22-24,Monday,1
21,22-24,Monday,1
22,22-24,Monday,1
23,22-24,Monday,1
24,22-24,Monday,1
25,22-24,Monday,1
26,22-24,Monday,1
27,22-24,Monday,1
28,22-24,Monday,1
29,22-24,Monday,1
30,22-24,Monday,1
31,22-24,Monday,1
32,22-24,Monday,1
33,22-24,Monday,1
34,22-24,Monday,1
35,22-24,Monday,1
36,22-24,Monday,1
37,22-24,Monday,1
38,22-24,Monday,1
39,22-24,Monday,1
40,22-24,Monday,1
41,22-24,Monday,1
42,22-24,Monday,1
43,22-24,Monday,1
44,22-24,Monday,1
45,22-24,Monday,1
46,22-24,Monday,1
47,22-24,Monday,1
48,22-24,Monday,1
49,22-24,Monday,1
50,22-24,Monday,1
51,22-24,Monday,1
52,22-24,Monday,1
53,22-24,Monday,1
54,22-24,Monday,1
55,22-24,Monday,1
56,22-24,Monday,1
57,22-24,Monday,1
58,22-24,Monday,1
59,22-24,Monday,1
60,22-24,Monday,1
61,22-24,Monday,1
62,22-24,Monday,1
63,22-24,Tuesday,1
64,22-24,Tuesday,1
65,22-24,Tuesday,1
66,22-24,Tuesday,1
67,22-24,Tuesday,1
68,22-24,Tuesday,1
69,22-24,Tuesday,1
70,22-24,Tuesday,1
71,22-24,Tuesday,1
72,22-24,Tuesday,1
73,22-24,Tuesday,1
74,22-24,Tuesday,1
75,22-24,Tuesday,1
76,22-24,Tuesday,1
77,22-24,Tuesday,1
78,22-24,Tuesday,1
79,22-24,Tuesday,1
80,22-24,Tuesday,1
81,22-24,Tuesday,1
82,22-24,Tuesday,1
83,22-24,Tuesday,1
84,22-24,Tuesday,1
85,22-24,Tuesday,1
86,22-24,Tuesday,1
87,22-24,Tuesday,1
88,22-24,Tuesday,1
89,22-24,Tuesday,1
90,22-24,Tuesday,1
91,22-24,Tuesday,1
92,22-24,Tuesday,1
93,22-24,Tuesday,1
94,22-24,Tuesday,1
95,22-24,Tuesday,1
96,22-24,Tuesday,1
97,22-24,Tuesday,1
98,22-24,Tuesday,1
99,22-24,Tuesday,1
100,22-24,Tuesday,1
101,22-24,Tuesday,1
102,22-24,Tuesday,1
103,22-24,Tuesday,1
104,22-24,Tuesday,1
105,22-24,Tuesday,1
106,22-24,Tuesday,1
107,22-24,Tuesday,1
108,22-24,Tuesday,1
109,22-24,Tuesday,1
110,22-24,Tuesday,1
111,22-24,Tuesday,1
112,22-24,Tuesday,1
113,22-24,Tuesday,1
114,22-24,Tuesday,1
115,22-24,Tuesday,1
116,22-24,Tuesday,1
117,22-24,Tuesday,1
118,22-24,Tuesday,1
119,22-24,Tuesday,1
120,22-24,Tuesday,1
121,22-24,Tuesday,1
122,22-24,Tuesday,1
123,22-24,Tuesday,1
124,22-24,Tuesday,1
125,22-24,Tuesday,1
126,22-24,Tuesday,1
127,22-24,Tuesday,1
128,22-24,Tuesday,1
129,22-24,Tuesday,1
130,22-24,Tuesday,1
131,22-24,Tuesday,1
132,22-24,Tuesday,1
133,22-24,Tuesday,1
134,22-24,Tuesday,1
135,22-24,Tuesday,1
136,22-24,Tuesday,1
137,22-24,Tuesday,1
138,22-24,Tuesday,1
139,22-24,Wednesday,1
140,22-24,Wednesday,1
141,22-24,Wednesday,1
142,22-24,Wednesday,1
143,22-24,Wednesday,1
144,22-24,Wednesday,1
145,22-24,Wednesday,1
146,22-24,Wednesday,1
147,22-24,Wednesday,1
148,22-24,Wednesday,1
149,22-24,Wednesday,1
150,22-24,Wednesday,1
151,22-24,Wednesday,1
152,22-24,Wednesday,1
153,22-24,Wednesday,1
154,22-24,Wednesday,1
155,22-24,Wednesday,1
156,22-24,Wednesday,1
157,22-24,Wednesday,1
158,22-24,Wednesday,1
159,22-24,Wednesday,1
160,22-24,Wednesday,1
161,22-24,Wednesday,1
162,22-24,Wednesday,1
163,22-24,Wednesday,1
164,22-24,Wednesday,1
165,22-24,Wednesday,1
166,22-24,Wednesday,1
167,22-24,Wednesday,1
168,22-24,Wednesday,1
169,22-24,Wednesday,1
170,22-24,Wednesday,1
171,22-24,Wednesday,1
172,22-24,Wednesday,1
173,22-24,Wednesday,1
174,22-24,Wednesday,1
175,22-24,Wednesday,1
176,22-24,Wednesday,1
177,22-24,Wednesday,1
178,22-24,Wednesday,1
179,22-24,Wednesday,1
180,22-24,Wednesday,1
181,22-24,Wednesday,1
182,22-24,Wednesday,1
183,22-24,Wednesday,1
184,22-24,Wednesday,1
185,22-24,Wednesday,1
186,22-24,Wednesday,1
187,22-24,Wednesday,1
188,22-24,Wednesday,1
189,22-24,Wednesday,1
190,22-24,Wednesday,1
191,22-24,Wednesday,1
192,22-24,Wednesday,1
193,22-24,Wednesday,1
194,22-24,Wednesday,1
195,22-24,Wednesday,1
196,22-24,Wednesday,1
197,22-24,Wednesday,1
198,22-24,Wednesday,1
199,22-24,Wednesday,1
200,22-24,Wednesday,1
201,22-24,Wednesday,1
202,22-24,Wednesday,1
203,22-24,Wednesday,1
204,22-24,Wednesday,1
205,22-24,Wednesday,1
206,22-24,Wednesday,1
207,22-24,Wednesday,1
208,22-24,Wednesday,1
209,22-24,Wednesday,1
210,22-24,Wednesday,1
211,22-24,Wednesday,1
212,22-24,Wednesday,1
213,22-24,Wednesday,1
214,22-24,Thursday,1
215,22-24,Thursday,1
216,22-24,Thursday,1
217,22-24,Thursday,1
218,22-24,Thursday,1
219,22-24,Thursday,1
220,22-24,Thursday,1
221,22-24,Thursday,1
222,22-24,Thursday,1
223,22-24,Thursday,1
224,22-24,Thursday,1
225,22-24,Thursday,1
226,22-24,Thursday,1
227,22-24,Thursday,1
228,22-24,Thursday,1
229,22-24,Thursday,1
230,22-24,Thursday,1
231,22-24,Thursday,1
232,22-24,Thursday,1
233,22-24,Thursday,1
234,22-24,Thursday,1
235,22-24,Thursday,1
236,22-24,Thursday,1
237,22-24,Thursday,1
238,22-24,Thursday,1
239,22-24,Thursday,1
240,22-24,Thursday,1
241,22-24,Thursday,1
242,22-24,Thursday,1
243,22-24,Thursday,1
244,22-24,Thursday,1
245,22-24,Thursday,1
246,22-24,Thursday,1
247,22-24,Thursday,1
248,22-24,Thursday,1
249,22-24,Thursday,1
250,22-24,Thursday,1
251,22-24,Thursday,1
252,22-24,Thursday,1
253,22-24,Thursday,1
254,22-24,Thursday,1
255,22-24,Thursday,1
256,22-24,Thursday,1
257,22-24,Thursday,1
258,22-24,Thursday,1
259,22-24,Thursday,1
260,22-24,Thursday,1
261,22-24,Thursday,1
262,22-24,Thursday,1
263,22-24,Thursday,1
264,22-24,Thursday,1
265,22-24,Thursday,1
266,22-24,Thursday,1
267,22-24,Thursday,1
268,22-24,Thursday,1
269,22-24,Thursday,1
270,22-24,Thursday,1
271,22-24,Thursday,1
272,22-24,Thursday,1
273,22-24,Thursday,1
274,22-24,Thursday,1
275,22-24,Thursday,1
276,22-24,Thursday,1
277,22-24,Thursday,1
278,22-24,Thursday,1
279,22-24,Thursday,1
280,22-24,Thursday,1
281,22-24,Thursday,1
282,22-24,Thursday,1
283,22-24,Thursday,1
284,22-24,Thursday,1
285,22-24,Thursday,1
286,22-24,Thursday,1
287,22-24,Thursday,1
288,22-24,Thursday,1
289,22-24,Thursday,1
290,22-24,Thursday,1
291,22-24,Thursday,1
292,22-24,Friday,1
293,22-24,Friday,1
294,22-24,Friday,1
295,22-24,Friday,1
296,22-24,Friday,1
297,22-24,Friday,1
298,22-24,Friday,1
299,22-24,Friday,1
300,22-24,Friday,1
301,22-24,Friday,1
302,22-24,Friday,1
303,22-24,Friday,1
304,22-24,Friday,1
305,22-24,Friday,1
306,22-24,Friday,1
307,22-24,Friday,1
308,22-24,Friday,1
309,22-24,Friday,1
310,22-24,Friday,1
311,22-24,Friday,1
312,22-24,Friday,1
313,22-24,Friday,1
314,22-24,Friday,1
315,22-24,Friday,1
316,22-24,Friday,1
317,22-24,Friday,1
318,22-24,Friday,1
319,22-24,Friday,1
320,22-24,Friday,1
321,22-24,Friday,1
322,22-24,Friday,1
323,22-24,Friday,1
324,22-24,Friday,1
325,22-24,Friday,1
326,22-24,Friday,1
327,22-24,Friday,1
328,22-24,Friday,1
329,22-24,Friday,1
330,22-24,Friday,1
331,22-24,Friday,1
332,22-24,Friday,1
333,22-24,Friday,1
334,22-24,Friday,1
335,22-24,Friday,1
336,22-24,Friday,1
337,22-24,Friday,1
338,22-24,Friday,1
339,22-24,Friday,1
340,22-24,Friday,1
341,22-24,Friday,1
342,22-24,Friday,1
343,22-24,Friday,1
344,22-24,Friday,1
345,22-24,Friday,1
346,22-24,Friday,1
347,22-24,Friday,1
348,22-24,Friday,1
349,22-24,Friday,1
350,22-24,Friday,1
351,22-24,Friday,1
352,22-24,Friday,1
353,22-24,Friday,1
354,22-24,Friday,1
355,22-24,Friday,1
356,22-24,Friday,1
357,22-24,Friday,1
358,22-24,Friday,1
359,22-24,Friday,1
360,22-24,Friday,1
361,22-24,Friday,1
362,22-24,Friday,1
363,22-24,Friday,1
364,22-24,Friday,1
365,22-24,Friday,1
366,22-24,Friday,1
367,22-24,Friday,1
368,22-24,Friday,1
369,22-24,Friday,1
370,22-24,Friday,1
371,22-24,Friday,1
372,22-24,Friday,1
373,22-24,Friday,1
374,22-24,Friday,1
375,22-24,Friday,1
376,22-24,Friday,1
377,22-24,Friday,1
378,22-24,Friday,1
379,22-24,Friday,1
380,22-24,Friday,1
381,22-24,Friday,1
382,22-24,Friday,1
383,22-24,Friday,1
384,22-24,Friday,1
385,22-24,Friday,1
386,22-24,Friday,1
387,22-24,Friday,1
388,22-24,Friday,1
389,22-24,Friday,1
390,22-24,Friday,1
391,22-24,Friday,1
392,22-24,Friday,1
393,22-24,Friday,1
394,22-24,Friday,1
395,22-24,Friday,1
396,22-24,Friday,1
397,22-24,Friday,1
398,22-24,Friday,1
399,22-24,Saturday,1
400,22-24,Saturday,1
401,22-24,Saturday,1
402,22-24,Saturday,1
403,22-24,Saturday,1
404,22-24,Saturday,1
405,22-24,Saturday,1
406,22-24,Saturday,1
407,22-24,Saturday,1
408,22-24,Saturday,1
409,22-24,Saturday,1
410,22-24,Saturday,1
411,22-24,Saturday,1
412,22-24,Saturday,1
413,22-24,Saturday,1
414,22-24,Saturday,1
415,22-24,Saturday,1
416,22-24,Saturday,1
417,22-24,Saturday,1
418,22-24,Saturday,1
419,22-24,Saturday,1
420,22-24,Saturday,1
421,22-24,Saturday,1
422,22-24,Saturday,1
423,22-24,Saturday,1
424,22-24,Saturday,1
425,22-24,Saturday,1
426,22-24,Saturday,1
427,22-24,Saturday,1
428,22-24,Saturday,1
429,22-24,Saturday,1
430,22-24,Saturday,1
431,22-24,Saturday,1
432,22-24,Saturday,1
433,22-24,Saturday,1
434,22-24,Saturday,1
435,22-24,Saturday,1
436,22-24,Saturday,1
437,22-24,Saturday,1
438,22-24,Saturday,1
439,22-24,Saturday,1
440,22-24,Saturday,1
441,22-24,Saturday,1
442,22-24,Saturday,1
443,22-24,Saturday,1
444,22-24,Saturday,1
445,22-24,Saturday,1
446,22-24,Saturday,1
447,22-24,Saturday,1
448,22-24,Saturday,1
449,22-24,Saturday,1
450,22-24,Saturday,1
451,22-24,Saturday,1
452,22-24,Saturday,1
453,22-24,Saturday,1
454,22-24,Saturday,1
455,22-24,Saturday,1
456,22-24,Saturday,1
457,22-24,Saturday,1
458,22-24,Saturday,1
459,22-24,Saturday,1
460,22-24,Saturday,1
461,22-24,Saturday,1
462,22-24,Saturday,1
463,22-24,Saturday,1
464,22-24,Saturday,1
465,22-24,Saturday,1
466,22-24,Saturday,1
467,22-24,Saturday,1
468,22-24,Saturday,1
469,22-24,Saturday,1
470,22-24,Saturday,1
471,22-24,Saturday,1
472,22-24,Saturday,1
473,22-24,Saturday,1
474,22-24,Saturday,1
475,22-24,Saturday,1
476,22-24,Saturday,1
477,22-24,Saturday,1
478,22-24,Saturday,1
479,22-24,Saturday,1
480,22-24,Saturday,1
481,22-24,Saturday,1
482,22-24,Saturday,1
483,22-24,Saturday,1
484,22-24,Saturday,1
485,22-24,Saturday,1
486,22-24,Saturday,1
487,22-24,Saturday,1
488,22-24,Saturday,1
489,22-24,Saturday,1
490,22-24,Saturday,1
491,22-24,Saturday,1
492,22-24,Saturday,1
493,22-24,Saturday,1
494,22-24,Saturday,1
495,22-24,Saturday,1
496,22-24,Saturday,1
497,22-24,Saturday,1
498,22-24,Saturday,1
499,22-24,Saturday,1
500,22-24,Saturday,1
501,22-24,Saturday,1
502,22-24,Saturday,1
503,22-24,Saturday,1
504,22-24,Saturday,1
505,22-24,Saturday,1
506,22-24,Saturday,1
507,22-24,Saturday,1
508,22-24,Saturday,1
509,22-24,Saturday,1
510,22-24,Saturday,1
511,22-24,Saturday,1
512,22-24,Saturday,1
513,22-24,Saturday,1
514,22-24,Saturday,1
515,22-24,Saturday,1
516,22-24,Saturday,1
517,22-24,Saturday,1
518,22-24,Saturday,1
519,22-24,Saturday,1
520,22-24,Saturday,1
521,22-24,Saturday,1
522,22-24,Saturday,1
523,22-24,Saturday,1
524,22-24,Saturday,1
525,22-24,Saturday,1
526,22-24,Saturday,1
527,22-24,Saturday,1
528,22-24,Saturday,1
529,22-24,Saturday,1
530,22-24,Saturday,1
531,22-24,Saturday,1
532,22-24,Saturday,1
533,22-24,Saturday,1
534,22-24,Saturday,1
535,22-24,Saturday,1
536,22-24,Sunday,1
537,22-24,Sunday,1
538,22-24,Sunday,1
539,22-24,Sunday,1
540,22-24,Sunday,1
541,22-24,Sunday,1
542,22-24,Sunday,1
543,22-24,Sunday,1
544,22-24,Sunday,1
545,22-24,Sunday,1
546,22-24,Sunday,1
547,22-24,Sunday,1
548,22-24,Sunday,1
549,22-24,Sunday,1
550,22-24,Sunday,1
551,22-24,Sunday,1
552,22-24,Sunday,1
553,22-24,Sunday,1
554,22-24,Sunday,1
555,22-24,Sunday,1
556,22-24,Sunday,1
557,22-24,Sunday,1
558,22-24,Sunday,1
559,22-24,Sunday,1
560,22-24,Sunday,1
561,22-24,Sunday,1
562,22-24,Sunday,1
563,22-24,Sunday,1
564,22-24,Sunday,1
565,22-24,Sunday,1
566,22-24,Sunday,1
567,22-24,Sunday,1
568,22-24,Sunday,1
569,22-24,Sunday,1
570,22-24,Sunday,1
571,22-24,Sunday,1
572,22-24,Sunday,1
573,22-24,Sunday,1
574,22-24,Sunday,1
575,22-24,Sunday,1
576,22-24,Sunday,1
577,22-24,Sunday,1
578,22-24,Sunday,1
579,22-24,Sunday,1
580,22-24,Sunday,1
581,22-24,Sunday,1
582,22-24,Sunday,1
583,22-24,Sunday,1
584,22-24,Sunday,1
585,22-24,Sunday,1
586,22-24,Sunday,1
587,22-24,Sunday,1
588,22-24,Sunday,1
589,22-24,Sunday,1
590,22-24,Sunday,1
591,22-24,Sunday,1
592,22-24,Sunday,1
593,22-24,Sunday,1
594,22-24,Sunday,1
595,22-24,Sunday,1
596,22-24,Sunday,1
597,22-24,Sunday,1
598,22-24,Sunday,1
599,22-24,Sunday,1
600,22-24,Sunday,1
601,22-24,Sunday,1
602,20-22,Monday,1
603,20-22,Monday,1
604,20-22,Monday,1
605,20-22,Monday,1
606,20-22,Monday,1
607,20-22,Monday,1
608,20-22,Monday,1
609,20-22,Monday,1
610,20-22,Monday,1
611,20-22,Monday,1
612,20-22,Monday,1
613,20-22,Monday,1
614,20-22,Monday,1
615,20-22,Monday,1
616,20-22,Monday,1
617,20-22,Monday,1
618,20-22,Monday,1
619,20-22,Monday,1
620,20-22,Monday,1
621,20-22,Monday,1
622,20-22,Monday,1
623,20-22,Monday,1
624,20-22,Monday,1
625,20-22,Monday,1
626,20-22,Monday,1
627,20-22,Monday,1
628,20-22,Monday,1
629,20-22,Monday,1
630,20-22,Monday,1
631,20-22,Monday,1
632,20-22,Monday,1
633,20-22,Monday,1
634,20-22,Monday,1
635,20-22,Monday,1
636,20-22,Monday,1
637,20-22,Monday,1
638,20-22,Monday,1
639,20-22,Monday,1
640,20-22,Monday,1
641,20-22,Monday,1
642,20-22,Monday,1
643,20-22,Monday,1
644,20-22,Monday,1
645,20-22,Monday,1
646,20-22,Monday,1
647,20-22,Monday,1
648,20-22,Monday,1
649,20-22,Monday,1
650,20-22,Monday,1
651,20-22,Monday,1
652,20-22,Monday,1
653,20-22,Monday,1
654,20-22,Monday,1
655,20-22,Monday,1
656,20-22,Monday,1
657,20-22,Monday,1
658,20-22,Monday,1
659,20-22,Monday,1
660,20-22,Monday,1
661,20-22,Monday,1
662,20-22,Monday,1
663,20-22,Monday,1
664,20-22,Monday,1
665,20-22,Monday,1
666,20-22,Monday,1
667,20-22,Monday,1
668,20-22,Monday,1
669,20-22,Monday,1
670,20-22,Monday,1
671,20-22,Monday,1
672,20-22,Monday,1
673,20-22,Monday,1
674,20-22,Monday,1
675,20-22,Monday,1
676,20-22,Monday,1
677,20-22,Monday,1
678,20-22,Monday,1
679,20-22,Monday,1
680,20-22,Monday,1
681,20-22,Monday,1
682,20-22,Monday,1
683,20-22,Monday,1
684,20-22,Monday,1
685,20-22,Monday,1
686,20-22,Monday,1
687,20-22,Monday,1
688,20-22,Monday,1
689,20-22,Monday,1
690,20-22,Monday,1
691,20-22,Monday,1
692,20-22,Monday,1
693,20-22,Monday,1
694,20-22,Monday,1
695,20-22,Monday,1
696,20-22,Monday,1
697,20-22,Monday,1
698,20-22,Monday,1
699,20-22,Monday,1
700,20-22,Monday,1
701,20-22,Monday,1
702,20-22,Monday,1
703,20-22,Monday,1
704,20-22,Monday,1
705,20-22,Monday,1
706,20-22,Monday,1
707,20-22,Monday,1
708,20-22,Monday,1
709,20-22,Monday,1
710,20-22,Monday,1
711,20-22,Monday,1
712,20-22,Monday,1
713,20-22,Monday,1
714,20-22,Monday,1
715,20-22,Monday,1
716,20-22,Monday,1
717,20-22,Tuesday,1
718,20-22,Tuesday,1
719,20-22,Tuesday,1
720,20-22,Tuesday,1
721,20-22,Tuesday,1
722,20-22,Tuesday,1
723,20-22,Tuesday,1
724,20-22,Tuesday,1
725,20-22,Tuesday,1
726,20-22,Tuesday,1
727,20-22,Tuesday,1
728,20-22,Tuesday,1
729,20-22,Tuesday,1
730,20-22,Tuesday,1
731,20-22,Tuesday,1
732,20-22,Tuesday,1
733,20-22,Tuesday,1
734,20-22,Tuesday,1
735,20-22,Tuesday,1
736,20-22,Tuesday,1
737,20-22,Tuesday,1
738,20-22,Tuesday,1
739,20-22,Tuesday,1
740,20-22,Tuesday,1
741,20-22,Tuesday,1
742,20-22,Tuesday,1
743,20-22,Tuesday,1
744,20-22,Tuesday,1
745,20-22,Tuesday,1
746,20-22,Tuesday,1
747,20-22,Tuesday,1
748,20-22,Tuesday,1
749,20-22,Tuesday,1
750,20-22,Tuesday,1
751,20-22,Tuesday,1
752,20-22,Tuesday,1
753,20-22,Tuesday,1
754,20-22,Tuesday,1
755,20-22,Tuesday,1
756,20-22,Tuesday,1
757,20-22,Tuesday,1
758,20-22,Tuesday,1
759,20-22,Tuesday,1
760,20-22,Tuesday,1
761,20-22,Tuesday,1
762,20-22,Tuesday,1
763,20-22,Tuesday,1
764,20-22,Tuesday,1
765,20-22,Tuesday,1
766,20-22,Tuesday,1
767,20-22,Tuesday,1
768,20-22,Tuesday,1
769,20-22,Tuesday,1
770,20-22,Tuesday,1
771,20-22,Tuesday,1
772,20-22,Tuesday,1
773,20-22,Tuesday,1
774,20-22,Tuesday,1
775,20-22,Tuesday,1
776,20-22,Tuesday,1
777,20-22,Tuesday,1
778,20-22,Tuesday,1
779,20-22,Tuesday,1
780,20-22,Tuesday,1
781,20-22,Tuesday,1
782,20-22,Tuesday,1
783,20-22,Tuesday,1
784,20-22,Tuesday,1
785,20-22,Tuesday,1
786,20-22,Tuesday,1
787,20-22,Tuesday,1
788,20-22,Tuesday,1
789,20-22,Tuesday,1
790,20-22,Tuesday,1
791,20-22,Tuesday,1
792,20-22,Tuesday,1
793,20-22,Tuesday,1
794,20-22,Tuesday,1
795,20-22,Tuesday,1
796,20-22,Tuesday,1
797,20-22,Tuesday,1
798,20-22,Tuesday,1
799,20-22,Tuesday,1
800,20-22,Tuesday,1
801,20-22,Tuesday,1
802,20-22,Tuesday,1
803,20-22,Tuesday,1
804,20-22,Tuesday,1
805,20-22,Tuesday,1
806,20-22,Tuesday,1
807,20-22,Tuesday,1
808,20-22,Tuesday,1
809,20-22,Tuesday,1
810,20-22,Tuesday,1
811,20-22,Tuesday,1
812,20-22,Tuesday,1
813,20-22,Tuesday,1
814,20-22,Tuesday,1
815,20-22,Tuesday,1
816,20-22,Tuesday,1
817,20-22,Tuesday,1
818,20-22,Tuesday,1
819,20-22,Tuesday,1
820,20-22,Tuesday,1
821,20-22,Tuesday,1
822,20-22,Tuesday,1
823,20-22,Tuesday,1
824,20-22,Tuesday,1
825,20-22,Tuesday,1
826,20-22,Tuesday,1
827,20-22,Tuesday,1
828,20-22,Tuesday,1
829,20-22,Tuesday,1
830,20-22,Tuesday,1
831,20-22,Tuesday,1
832,20-22,Tuesday,1
833,20-22,Tuesday,1
834,20-22,Tuesday,1
835,20-22,Tuesday,1
836,20-22,Tuesday,1
837,20-22,Tuesday,1
838,20-22,Tuesday,1
839,20-22,Tuesday,1
840,20-22,Tuesday,1
841,20-22,Wednesday,1
842,20-22,Wednesday,1
843,20-22,Wednesday,1
844,20-22,Wednesday,1
845,20-22,Wednesday,1
846,20-22,Wednesday,1
847,20-22,Wednesday,1
848,20-22,Wednesday,1
849,20-22,Wednesday,1
850,20-22,Wednesday,1
851,20-22,Wednesday,1
852,20-22,Wednesday,1
853,20-22,Wednesday,1
854,20-22,Wednesday,1
855,20-22,Wednesday,1
856,20-22,Wednesday,1
857,20-22,Wednesday,1
858,20-22,Wednesday,1
859,20-22,Wednesday,1
860,20-22,Wednesday,1
861,20-22,Wednesday,1
862,20-22,Wednesday,1
863,20-22,Wednesday,1
864,20-22,Wednesday,1
865,20-22,Wednesday,1
866,20-22,Wednesday,1
867,20-22,Wednesday,1
868,20-22,Wednesday,1
869,20-22,Wednesday,1
870,20-22,Wednesday,1
871,20-22,Wednesday,1
872,20-22,Wednesday,1
873,20-22,Wednesday,1
874,20-22,Wednesday,1
875,20-22,Wednesday,1
876,20-22,Wednesday,1
877,20-22,Wednesday,1
878,20-22,Wednesday,1
879,20-22,Wednesday,1
880,20-22,Wednesday,1
881,20-22,Wednesday,1
882,20-22,Wednesday,1
883,20-22,Wednesday,1
884,20-22,Wednesday,1
885,20-22,Wednesday,1
886,20-22,Wednesday,1
887,20-22,Wednesday,1
888,20-22,Wednesday,1
889,20-22,Wednesday,1
890,20-22,Wednesday,1
891,20-22,Wednesday,1
892,20-22,Wednesday,1
893,20-22,Wednesday,1
894,20-22,Wednesday,1
895,20-22,Wednesday,1
896,20-22,Wednesday,1
897,20-22,Wednesday,1
898,20-22,Wednesday,1
899,20-22,Wednesday,1
900,20-22,Wednesday,1
901,20-22,Wednesday,1
902,20-22,Wednesday,1
903,20-22,Wednesday,1
904,20-22,Wednesday,1
905,20-22,Wednesday,1
906,20-22,Wednesday,1
907,20-22,Wednesday,1
908,20-22,Wednesday,1
909,20-22,Wednesday,1
910,20-22,Wednesday,1
911,20-22,Wednesday,1
912,20-22,Wednesday,1
913,20-22,Wednesday,1
914,20-22,Wednesday,1
915,20-22,Wednesday,1
916,20-22,Wednesday,1
917,20-22,Wednesday,1
918,20-22,Wednesday,1
919,20-22,Wednesday,1
920,20-22,Wednesday,1
921,20-22,Wednesday,1
922,20-22,Wednesday,1
923,20-22,Wednesday,1
924,20-22,Wednesday,1
925,20-22,Wednesday,1
926,20-22,Wednesday,1
927,20-22,Wednesday,1
928,20-22,Wednesday,1
929,20-22,Wednesday,1
930,20-22,Wednesday,1
931,20-22,Wednesday,1
932,20-22,Wednesday,1
933,20-22,Wednesday,1
934,20-22,Wednesday,1
935,20-22,Wednesday,1
936,20-22,Wednesday,1
937,20-22,Wednesday,1
938,20-22,Wednesday,1
939,20-22,Wednesday,1
940,20-22,Wednesday,1
941,20-22,Wednesday,1
942,20-22,Wednesday,1
943,20-22,Wednesday,1
944,20-22,Wednesday,1
945,20-22,Thursday,1
946,20-22,Thursday,1
947,20-22,Thursday,1
948,20-22,Thursday,1
949,20-22,Thursday,1
950,20-22,Thursday,1
951,20-22,Thursday,1
952,20-22,Thursday,1
953,20-22,Thursday,1
954,20-22,Thursday,1
955,20-22,Thursday,1
956,20-22,Thursday,1
957,20-22,Thursday,1
958,20-22,Thursday,1
959,20-22,Thursday,1
960,20-22,Thursday,1
961,20-22,Thursday,1
962,20-22,Thursday,1
963,20-22,Thursday,1
964,20-22,Thursday,1
965,20-22,Thursday,1
966,20-22,Thursday,1
967,20-22,Thursday,1
968,20-22,Thursday,1
969,20-22,Thursday,1
970,20-22,Thursday,1
971,20-22,Thursday,1
972,20-22,Thursday,1
973,20-22,Thursday,1
974,20-22,Thursday,1
975,20-22,Thursday,1
976,20-22,Thursday,1
977,20-22,Thursday,1
978,20-22,Thursday,1
979,20-22,Thursday,1
980,20-22,Thursday,1
981,20-22,Thursday,1
982,20-22,Thursday,1
983,20-22,Thursday,1
984,20-22,Thursday,1
985,20-22,Thursday,1
986,20-22,Thursday,1
987,20-22,Thursday,1
988,20-22,Thursday,1
989,20-22,Thursday,1
990,20-22,Thursday,1
991,20-22,Thursday,1
992,20-22,Thursday,1
993,20-22,Thursday,1
994,20-22,Thursday,1
995,20-22,Thursday,1
996,20-22,Thursday,1
997,20-22,Thursday,1
998,20-22,Thursday,1
999,20-22,Thursday,1
1000,20-22,Thursday,1
1001,20-22,Thursday,1
1002,20-22,Thursday,1
1003,20-22,Thursday,1
1004,20-22,Thursday,1
1005,20-22,Thursday,1
1006,20-22,Thursday,1
1007,20-22,Thursday,1
1008,20-22,Thursday,1
1009,20-22,Thursday,1
1010,20-22,Thursday,1
1011,20-22,Thursday,1
1012,20-22,Thursday,1
1013,20-22,Thursday,1
1014,20-22,Thursday,1
1015,20-22,Thursday,1
1016,20-22,Thursday,1
1017,20-22,Thursday,1
1018,20-22,Thursday,1
1019,20-22,Thursday,1
1020,20-22,Thursday,1
1021,20-22,Thursday,1
1022,20-22,Thursday,1
1023,20-22,Thursday,1
1024,20-22,Thursday,1
1025,20-22,Thursday,1
1026,20-22,Thursday,1
1027,20-22,Thursday,1
1028,20-22,Thursday,1
1029,20-22,Thursday,1
1030,20-22,Thursday,1
1031,20-22,Thursday,1
1032,20-22,Thursday,1
1033,20-22,Thursday,1
1034,20-22,Thursday,1
1035,20-22,Thursday,1
1036,20-22,Thursday,1
1037,20-22,Thursday,1
1038,20-22,Thursday,1
1039,20-22,Thursday,1
1040,20-22,Thursday,1
1041,20-22,Thursday,1
1042,20-22,Thursday,1
1043,20-22,Thursday,1
1044,20-22,Thursday,1
1045,20-22,Thursday,1
1046,20-22,Thursday,1
1047,20-22,Thursday,1
1048,20-22,Thursday,1
1049,20-22,Thursday,1
1050,20-22,Thursday,1
1051,20-22,Thursday,1
1052,20-22,Thursday,1
1053,20-22,Thursday,1
1054,20-22,Thursday,1
1055,20-22,Thursday,1
1056,20-22,Thursday,1
1057,20-22,Thursday,1
1058,20-22,Thursday,1
1059,20-22,Thursday,1
1060,20-22,Friday,1
1061,20-22,Friday,1
1062,20-22,Friday,1
1063,20-22,Friday,1
1064,20-22,Friday,1
1065,20-22,Friday,1
1066,20-22,Friday,1
1067,20-22,Friday,1
1068,20-22,Friday,1
1069,20-22,Friday,1
1070,20-22,Friday,1
1071,20-22,Friday,1
1072,20-22,Friday,1
1073,20-22,Friday,1
1074,20-22,Friday,1
1075,20-22,Friday,1
1076,20-22,Friday,1
1077,20-22,Friday,1
1078,20-22,Friday,1
1079,20-22,Friday,1
1080,20-22,Friday,1
1081,20-22,Friday,1
1082,20-22,Friday,1
1083,20-22,Friday,1
1084,20-22,Friday,1
1085,20-22,Friday,1
1086,20-22,Friday,1
1087,20-22,Friday,1
1088,20-22,Friday,1
1089,20-22,Friday,1
1090,20-22,Friday,1
1091,20-22,Friday,1
1092,20-22,Friday,1
1093,20-22,Friday,1
1094,20-22,Friday,1
1095,20-22,Friday,1
1096,20-22,Friday,1
1097,20-22,Friday,1
1098,20-22,Friday,1
1099,20-22,Friday,1
1100,20-22,Friday,1
1101,20-22,Friday,1
1102,20-22,Friday,1
1103,20-22,Friday,1
1104,20-22,Friday,1
1105,20-22,Friday,1
1106,20-22,Friday,1
1107,20-22,Friday,1
1108,20-22,Friday,1
1109,20-22,Friday,1
1110,20-22,Friday,1
1111,20-22,Friday,1
1112,20-22,Friday,1
1113,20-22,Friday,1
1114,20-22,Friday,1
1115,20-22,Friday,1
1116,20-22,Friday,1
1117,20-22,Friday,1
1118,20-22,Friday,1
1119,20-22,Friday,1
1120,20-22,Friday,1
1121,20-22,Friday,1
1122,20-22,Friday,1
1123,20-22,Friday,1
1124,20-22,Friday,1
1125,20-22,Friday,1
1126,20-22,Friday,1
1127,20-22,Friday,1
1128,20-22,Friday,1
1129,20-22,Friday,1
1130,20-22,Friday,1
1131,20-22,Friday,1
1132,20-22,Friday,1
1133,20-22,Friday,1
1134,20-22,Friday,1
1135,20-22,Friday,1
1136,20-22,Friday,1
1137,20-22,Friday,1
1138,20-22,Friday,1
1139,20-22,Friday,1
1140,20-22,Friday,1
1141,20-22,Friday,1
1142,20-22,Friday,1
1143,20-22,Friday,1
1144,20-22,Friday,1
1145,20-22,Friday,1
1146,20-22,Friday,1
1147,20-22,Friday,1
1148,20-22,Friday,1
1149,20-22,Friday,1
1150,20-22,Friday,1
1151,20-22,Friday,1
1152,20-22,Friday,1
1153,20-22,Friday,1
1154,20-22,Friday,1
1155,20-22,Friday,1
1156,20-22,Friday,1
1157,20-22,Friday,1
1158,20-22,Friday,1
1159,20-22,Friday,1
1160,20-22,Friday,1
1161,20-22,Friday,1
1162,20-22,Friday,1
1163,20-22,Friday,1
1164,20-22,Friday,1
1165,20-22,Friday,1
1166,20-22,Friday,1
1167,20-22,Friday,1
1168,20-22,Friday,1
1169,20-22,Friday,1
1170,20-22,Friday,1
1171,20-22,Friday,1
1172,20-22,Friday,1
1173,20-22,Friday,1
1174,20-22,Friday,1
1175,20-22,Friday,1
1176,20-22,Saturday,1
1177,20-22,Saturday,1
1178,20-22,Saturday,1
1179,20-22,Saturday,1
1180,20-22,Saturday,1
1181,20-22,Saturday,1
1182,20-22,Saturday,1
1183,20-22,Saturday,1
1184,20-22,Saturday,1
1185,20-22,Saturday,1
1186,20-22,Saturday,1
1187,20-22,Saturday,1
1188,20-22,Saturday,1
1189,20-22,Saturday,1
1190,20-22,Saturday,1
1191,20-22,Saturday,1
1192,20-22,Saturday,1
1193,20-22,Saturday,1
1194,20-22,Saturday,1
1195,20-22,Saturday,1
1196,20-22,Saturday,1
1197,20-22,Saturday,1
1198,20-22,Saturday,1
1199,20-22,Saturday,1
1200,20-22,Saturday,1
1201,20-22,Saturday,1
1202,20-22,Saturday,1
1203,20-22,Saturday,1
1204,20-22,Saturday,1
1205,20-22,Saturday,1
1206,20-22,Saturday,1
1207,20-22,Saturday,1
1208,20-22,Saturday,1
1209,20-22,Saturday,1
1210,20-22,Saturday,1
1211,20-22,Saturday,1
1212,20-22,Saturday,1
1213,20-22,Saturday,1
1214,20-22,Saturday,1
1215,20-22,Saturday,1
1216,20-22,Saturday,1
1217,20-22,Saturday,1
1218,20-22,Saturday,1
1219,20-22,Saturday,1
1220,20-22,Saturday,1
1221,20-22,Saturday,1
1222,20-22,Saturday,1
1223,20-22,Saturday,1
1224,20-22,Saturday,1
1225,20-22,Saturday,1
1226,20-22,Saturday,1
1227,20-22,Saturday,1
1228,20-22,Saturday,1
1229,20-22,Saturday,1
1230,20-22,Saturday,1
1231,20-22,Saturday,1
1232,20-22,Saturday,1
1233,20-22,Saturday,1
1234,20-22,Saturday,1
1235,20-22,Saturday,1
1236,20-22,Saturday,1
1237,20-22,Saturday,1
1238,20-22,Saturday,1
1239,20-22,Saturday,1
1240,20-22,Saturday,1
1241,20-22,Saturday,1
1242,20-22,Saturday,1
1243,20-22,Saturday,1
1244,20-22,Saturday,1
1245,20-22,Saturday,1
1246,20-22,Saturday,1
1247,20-22,Saturday,1
1248,20-22,Saturday,1
1249,20-22,Saturday,1
1250,20-22,Saturday,1
1251,20-22,Saturday,1
1252,20-22,Saturday,1
1253,20-22,Saturday,1
1254,20-22,Saturday,1
1255,20-22,Saturday,1
1256,20-22,Saturday,1
1257,20-22,Saturday,1
1258,20-22,Saturday,1
1259,20-22,Saturday,1
1260,20-22,Saturday,1
1261,20-22,Saturday,1
1262,20-22,Saturday,1
1263,20-22,Saturday,1
1264,20-22,Saturday,1
1265,20-22,Saturday,1
1266,20-22,Saturday,1
1267,20-22,Saturday,1
1268,20-22,Saturday,1
1269,20-22,Saturday,1
1270,20-22,Saturday,1
1271,20-22,Saturday,1
1272,20-22,Saturday,1
1273,20-22,Saturday,1
1274,20-22,Saturday,1
1275,20-22,Saturday,1
1276,20-22,Saturday,1
1277,20-22,Saturday,1
1278,20-22,Saturday,1
1279,20-22,Saturday,1
1280,20-22,Saturday,1
1281,20-22,Saturday,1
1282,20-22,Saturday,1
1283,20-22,Saturday,1
1284,20-22,Saturday,1
1285,20-22,Saturday,1
1286,20-22,Saturday,1
1287,20-22,Saturday,1
1288,20-22,Saturday,1
1289,20-22,Saturday,1
1290,20-22,Saturday,1
1291,20-22,Saturday,1
1292,20-22,Saturday,1
1293,20-22,Saturday,1
1294,20-22,Saturday,1
1295,20-22,Saturday,1
1296,20-22,Saturday,1
1297,20-22,Saturday,1
1298,20-22,Saturday,1
1299,20-22,Saturday,1
1300,20-22,Saturday,1
1301,20-22,Sunday,1
1302,20-22,Sunday,1
1303,20-22,Sunday,1
1304,20-22,Sunday,1
1305,20-22,Sunday,1
1306,20-22,Sunday,1
1307,20-22,Sunday,1
1308,20-22,Sunday,1
1309,20-22,Sunday,1
1310,20-22,Sunday,1
1311,20-22,Sunday,1
1312,20-22,Sunday,1
1313,20-22,Sunday,1
1314,20-22,Sunday,1
1315,20-22,Sunday,1
1316,20-22,Sunday,1
1317,20-22,Sunday,1
1318,20-22,Sunday,1
1319,20-22,Sunday,1
1320,20-22,Sunday,1
1321,20-22,Sunday,1
1322,20-22,Sunday,1
1323,20-22,Sunday,1
1324,20-22,Sunday,1
1325,20-22,Sunday,1
1326,20-22,Sunday,1
1327,20-22,Sunday,1
1328,20-22,Sunday,1
1329,20-22,Sunday,1
1330,20-22,Sunday,1
1331,20-22,Sunday,1
1332,20-22,Sunday,1
1333,20-22,Sunday,1
1334,20-22,Sunday,1
1335,20-22,Sunday,1
1336,20-22,Sunday,1
1337,20-22,Sunday,1
1338,20-22,Sunday,1
1339,20-22,Sunday,1
1340,20-22,Sunday,1
1341,20-22,Sunday,1
1342,20-22,Sunday,1
1343,20-22,Sunday,1
1344,20-22,Sunday,1
1345,20-22,Sunday,1
1346,20-22,Sunday,1
1347,20-22,Sunday,1
1348,20-22,Sunday,1
1349,20-22,Sunday,1
1350,20-22,Sunday,1
1351,20-22,Sunday,1
1352,20-22,Sunday,1
1353,20-22,Sunday,1
1354,20-22,Sunday,1
1355,20-22,Sunday,1
1356,20-22,Sunday,1
1357,20-22,Sunday,1
1358,20-22,Sunday,1
1359,20-22,Sunday,1
1360,20-22,Sunday,1
1361,20-22,Sunday,1
1362,20-22,Sunday,1
1363,20-22,Sunday,1
1364,20-22,Sunday,1
1365,20-22,Sunday,1
1366,20-22,Sunday,1
1367,20-22,Sunday,1
1368,20-22,Sunday,1
1369,20-22,Sunday,1
1370,20-22,Sunday,1
1371,20-22,Sunday,1
1372,20-22,Sunday,1
1373,20-22,Sunday,1
1374,20-22,Sunday,1
1375,20-22,Sunday,1
1376,20-22,Sunday,1
1377,20-22,Sunday,1
1378,20-22,Sunday,1
1379,20-22,Sunday,1
1380,20-22,Sunday,1
1381,20-22,Sunday,1
1382,20-22,Sunday,1
1383,20-22,Sunday,1
1384,20-22,Sunday,1
1385,20-22,Sunday,1
1386,20-22,Sunday,1
1387,20-22,Sunday,1
1388,20-22,Sunday,1
1389,20-22,Sunday,1
1390,20-22,Sunday,1
1391,20-22,Sunday,1
1392,20-22,Sunday,1
1393,20-22,Sunday,1
1394,20-22,Sunday,1
1395,20-22,Sunday,1
1396,20-22,Sunday,1
1397,20-22,Sunday,1
1398,20-22,Sunday,1
1399,20-22,Sunday,1
1400,20-22,Sunday,1
1401,20-22,Sunday,1
1402,20-22,Sunday,1
1403,20-22,Sunday,1
1404,20-22,Sunday,1
1405,20-22,Sunday,1
1406,20-22,Sunday,1
1407,20-22,Sunday,1
1408,20-22,Sunday,1
1409,18-20,Monday,1
1410,18-20,Monday,1
1411,18-20,Monday,1
1412,18-20,Monday,1
1413,18-20,Monday,1
1414,18-20,Monday,1
1415,18-20,Monday,1
1416,18-20,Monday,1
1417,18-20,Monday,1
1418,18-20,Monday,1
1419,18-20,Monday,1
1420,18-20,Monday,1
1421,18-20,Monday,1
1422,18-20,Monday,1
1423,18-20,Monday,1
1424,18-20,Monday,1
1425,18-20,Monday,1
1426,18-20,Monday,1
1427,18-20,Monday,1
1428,18-20,Monday,1
1429,18-20,Monday,1
1430,18-20,Monday,1
1431,18-20,Monday,1
1432,18-20,Monday,1
1433,18-20,Monday,1
1434,18-20,Monday,1
1435,18-20,Monday,1
1436,18-20,Monday,1
1437,18-20,Monday,1
1438,18-20,Monday,1
1439,18-20,Monday,1
1440,18-20,Monday,1
1441,18-20,Monday,1
1442,18-20,Monday,1
1443,18-20,Monday,1
1444,18-20,Monday,1
1445,18-20,Monday,1
1446,18-20,Monday,1
1447,18-20,Monday,1
1448,18-20,Monday,1
1449,18-20,Monday,1
1450,18-20,Monday,1
1451,18-20,Monday,1
1452,18-20,Monday,1
1453,18-20,Monday,1
1454,18-20,Monday,1
1455,18-20,Monday,1
1456,18-20,Monday,1
1457,18-20,Monday,1
1458,18-20,Monday,1
1459,18-20,Monday,1
1460,18-20,Monday,1
1461,18-20,Monday,1
1462,18-20,Monday,1
1463,18-20,Monday,1
1464,18-20,Monday,1
1465,18-20,Monday,1
1466,18-20,Monday,1
1467,18-20,Monday,1
1468,18-20,Monday,1
1469,18-20,Monday,1
1470,18-20,Monday,1
1471,18-20,Monday,1
1472,18-20,Monday,1
1473,18-20,Monday,1
1474,18-20,Monday,1
1475,18-20,Monday,1
1476,18-20,Monday,1
1477,18-20,Monday,1
1478,18-20,Monday,1
1479,18-20,Monday,1
1480,18-20,Monday,1
1481,18-20,Monday,1
1482,18-20,Monday,1
1483,18-20,Monday,1
1484,18-20,Monday,1
1485,18-20,Monday,1
1486,18-20,Monday,1
1487,18-20,Monday,1
1488,18-20,Monday,1
1489,18-20,Monday,1
1490,18-20,Monday,1
1491,18-20,Monday,1
1492,18-20,Monday,1
1493,18-20,Monday,1
1494,18-20,Monday,1
1495,18-20,Monday,1
1496,18-20,Monday,1
1497,18-20,Monday,1
1498,18-20,Monday,1
1499,18-20,Monday,1
1500,18-20,Monday,1
1501,18-20,Monday,1
1502,18-20,Monday,1
1503,18-20,Monday,1
1504,18-20,Monday,1
1505,18-20,Monday,1
1506,18-20,Monday,1
1507,18-20,Monday,1
1508,18-20,Monday,1
1509,18-20,Monday,1
1510,18-20,Monday,1
1511,18-20,Monday,1
1512,18-20,Monday,1
1513,18-20,Monday,1
1514,18-20,Monday,1
1515,18-20,Monday,1
1516,18-20,Monday,1
1517,18-20,Monday,1
1518,18-20,Monday,1
1519,18-20,Monday,1
1520,18-20,Monday,1
1521,18-20,Monday,1
1522,18-20,Monday,1
1523,18-20,Monday,1
1524,18-20,Monday,1
1525,18-20,Monday,1
1526,18-20,Monday,1
1527,18-20,Monday,1
1528,18-20,Monday,1
1529,18-20,Monday,1
1530,18-20,Monday,1
1531,18-20,Monday,1
1532,18-20,Monday,1
1533,18-20,Monday,1
1534,18-20,Monday,1
1535,18-20,Monday,1
1536,18-20,Monday,1
1537,18-20,Monday,1
1538,18-20,Monday,1
1539,18-20,Monday,1
1540,18-20,Monday,1
1541,18-20,Monday,1
1542,18-20,Monday,1
1543,18-20,Monday,1
1544,18-20,Monday,1
1545,18-20,Monday,1
1546,18-20,Monday,1
1547,18-20,Monday,1
1548,18-20,Monday,1
1549,18-20,Monday,1
1550,18-20,Monday,1
1551,18-20,Monday,1
1552,18-20,Monday,1
1553,18-20,Tuesday,1
1554,18-20,Tuesday,1
1555,18-20,Tuesday,1
1556,18-20,Tuesday,1
1557,18-20,Tuesday,1
1558,18-20,Tuesday,1
1559,18-20,Tuesday,1
1560,18-20,Tuesday,1
1561,18-20,Tuesday,1
1562,18-20,Tuesday,1
1563,18-20,Tuesday,1
1564,18-20,Tuesday,1
1565,18-20,Tuesday,1
1566,18-20,Tuesday,1
1567,18-20,Tuesday,1
1568,18-20,Tuesday,1
1569,18-20,Tuesday,1
1570,18-20,Tuesday,1
1571,18-20,Tuesday,1
1572,18-20,Tuesday,1
1573,18-20,Tuesday,1
1574,18-20,Tuesday,1
1575,18-20,Tuesday,1
1576,18-20,Tuesday,1
1577,18-20,Tuesday,1
1578,18-20,Tuesday,1
1579,18-20,Tuesday,1
1580,18-20,Tuesday,1
1581,18-20,Tuesday,1
1582,18-20,Tuesday,1
1583,18-20,Tuesday,1
1584,18-20,Tuesday,1
1585,18-20,Tuesday,1
1586,18-20,Tuesday,1
1587,18-20,Tuesday,1
1588,18-20,Tuesday,1
1589,18-20,Tuesday,1
1590,18-20,Tuesday,1
1591,18-20,Tuesday,1
1592,18-20,Tuesday,1
1593,18-20,Tuesday,1
1594,18-20,Tuesday,1
1595,18-20,Tuesday,1
1596,18-20,Tuesday,1
1597,18-20,Tuesday,1
1598,18-20,Tuesday,1
1599,18-20,Tuesday,1
1600,18-20,Tuesday,1
1601,18-20,Tuesday,1
1602,18-20,Tuesday,1
1603,18-20,Tuesday,1
1604,18-20,Tuesday,1
1605,18-20,Tuesday,1
1606,18-20,Tuesday,1
1607,18-20,Tuesday,1
1608,18-20,Tuesday,1
1609,18-20,Tuesday,1
1610,18-20,Tuesday,1
1611,18-20,Tuesday,1
1612,18-20,Tuesday,1
1613,18-20,Tuesday,1
1614,18-20,Tuesday,1
1615,18-20,Tuesday,1
1616,18-20,Tuesday,1
1617,18-20,Tuesday,1
1618,18-20,Tuesday,1
1619,18-20,Tuesday,1
1620,18-20,Tuesday,1
1621,18-20,Tuesday,1
1622,18-20,Tuesday,1
1623,18-20,Tuesday,1
1624,18-20,Tuesday,1
1625,18-20,Tuesday,1
1626,18-20,Tuesday,1
1627,18-20,Tuesday,1
1628,18-20,Tuesday,1
1629,18-20,Tuesday,1
1630,18-20,Tuesday,1
1631,18-20,Tuesday,1
1632,18-20,Tuesday,1
1633,18-20,Tuesday,1
1634,18-20,Tuesday,1
1635,18-20,Tuesday,1
1636,18-20,Tuesday,1
1637,18-20,Tuesday,1
1638,18-20,Tuesday,1
1639,18-20,Tuesday,1
1640,18-20,Tuesday,1
1641,18-20,Tuesday,1
1642,18-20,Tuesday,1
1643,18-20,Tuesday,1
1644,18-20,Tuesday,1
1645,18-20,Tuesday,1
1646,18-20,Tuesday,1
1647,18-20,Tuesday,1
1648,18-20,Tuesday,1
1649,18-20,Tuesday,1
1650,18-20,Tuesday,1
1651,18-20,Tuesday,1
1652,18-20,Tuesday,1
1653,18-20,Tuesday,1
1654,18-20,Tuesday,1
1655,18-20,Tuesday,1
1656,18-20,Tuesday,1
1657,18-20,Tuesday,1
1658,18-20,Tuesday,1
1659,18-20,Tuesday,1
1660,18-20,Tuesday,1
1661,18-20,Tuesday,1
1662,18-20,Tuesday,1
1663,18-20,Tuesday,1
1664,18-20,Tuesday,1
1665,18-20,Tuesday,1
1666,18-20,Tuesday,1
1667,18-20,Tuesday,1
1668,18-20,Tuesday,1
1669,18-20,Tuesday,1
1670,18-20,Tuesday,1
1671,18-20,Tuesday,1
1672,18-20,Tuesday,1
1673,18-20,Tuesday,1
1674,18-20,Tuesday,1
1675,18-20,Tuesday,1
1676,18-20,Tuesday,1
1677,18-20,Tuesday,1
1678,18-20,Tuesday,1
1679,18-20,Tuesday,1
1680,18-20,Tuesday,1
1681,18-20,Tuesday,1
1682,18-20,Tuesday,1
1683,18-20,Tuesday,1
1684,18-20,Tuesday,1
1685,18-20,Tuesday,1
1686,18-20,Tuesday,1
1687,18-20,Tuesday,1
1688,18-20,Tuesday,1
1689,18-20,Tuesday,1
1690,18-20,Tuesday,1
1691,18-20,Tuesday,1
1692,18-20,Tuesday,1
1693,18-20,Tuesday,1
1694,18-20,Tuesday,1
1695,18-20,Tuesday,1
1696,18-20,Tuesday,1
1697,18-20,Tuesday,1
1698,18-20,Tuesday,1
1699,18-20,Tuesday,1
1700,18-20,Wednesday,1
1701,18-20,Wednesday,1
1702,18-20,Wednesday,1
1703,18-20,Wednesday,1
1704,18-20,Wednesday,1
1705,18-20,Wednesday,1
1706,18-20,Wednesday,1
1707,18-20,Wednesday,1
1708,18-20,Wednesday,1
1709,18-20,Wednesday,1
1710,18-20,Wednesday,1
1711,18-20,Wednesday,1
1712,18-20,Wednesday,1
1713,18-20,Wednesday,1
1714,18-20,Wednesday,1
1715,18-20,Wednesday,1
1716,18-20,Wednesday,1
1717,18-20,Wednesday,1
1718,18-20,Wednesday,1
1719,18-20,Wednesday,1
1720,18-20,Wednesday,1
1721,18-20,Wednesday,1
1722,18-20,Wednesday,1
1723,18-20,Wednesday,1
1724,18-20,Wednesday,1
1725,18-20,Wednesday,1
1726,18-20,Wednesday,1
1727,18-20,Wednesday,1
1728,18-20,Wednesday,1
1729,18-20,Wednesday,1
1730,18-20,Wednesday,1
1731,18-20,Wednesday,1
1732,18-20,Wednesday,1
1733,18-20,Wednesday,1
1734,18-20,Wednesday,1
1735,18-20,Wednesday,1
1736,18-20,Wednesday,1
1737,18-20,Wednesday,1
1738,18-20,Wednesday,1
1739,18-20,Wednesday,1
1740,18-20,Wednesday,1
1741,18-20,Wednesday,1
1742,18-20,Wednesday,1
1743,18-20,Wednesday,1
1744,18-20,Wednesday,1
1745,18-20,Wednesday,1
1746,18-20,Wednesday,1
1747,18-20,Wednesday,1
1748,18-20,Wednesday,1
1749,18-20,Wednesday,1
1750,18-20,Wednesday,1
1751,18-20,Wednesday,1
1752,18-20,Wednesday,1
1753,18-20,Wednesday,1
1754,18-20,Wednesday,1
1755,18-20,Wednesday,1
1756,18-20,Wednesday,1
1757,18-20,Wednesday,1
1758,18-20,Wednesday,1
1759,18-20,Wednesday,1
1760,18-20,Wednesday,1
1761,18-20,Wednesday,1
1762,18-20,Wednesday,1
1763,18-20,Wednesday,1
1764,18-20,Wednesday,1
1765,18-20,Wednesday,1
1766,18-20,Wednesday,1
1767,18-20,Wednesday,1
1768,18-20,Wednesday,1
1769,18-20,Wednesday,1
1770,18-20,Wednesday,1
1771,18-20,Wednesday,1
1772,18-20,Wednesday,1
1773,18-20,Wednesday,1
1774,18-20,Wednesday,1
1775,18-20,Wednesday,1
1776,18-20,Wednesday,1
1777,18-20,Wednesday,1
1778,18-20,Wednesday,1
1779,18-20,Wednesday,1
1780,18-20,Wednesday,1
1781,18-20,Wednesday,1
1782,18-20,Wednesday,1
1783,18-20,Wednesday,1
1784,18-20,Wednesday,1
1785,18-20,Wednesday,1
1786,18-20,Wednesday,1
1787,18-20,Wednesday,1
1788,18-20,Wednesday,1
1789,18-20,Wednesday,1
1790,18-20,Wednesday,1
1791,18-20,Wednesday,1
1792,18-20,Wednesday,1
1793,18-20,Wednesday,1
1794,18-20,Wednesday,1
1795,18-20,Wednesday,1
1796,18-20,Wednesday,1
1797,18-20,Wednesday,1
1798,18-20,Wednesday,1
1799,18-20,Wednesday,1
1800,18-20,Wednesday,1
1801,18-20,Wednesday,1
1802,18-20,Wednesday,1
1803,18-20,Wednesday,1
1804,18-20,Wednesday,1
1805,18-20,Wednesday,1
1806,18-20,Wednesday,1
1807,18-20,Wednesday,1
1808,18-20,Wednesday,1
1809,18-20,Wednesday,1
1810,18-20,Wednesday,1
1811,18-20,Wednesday,1
1812,18-20,Wednesday,1
1813,18-20,Wednesday,1
1814,18-20,Wednesday,1
1815,18-20,Wednesday,1
1816,18-20,Wednesday,1
1817,18-20,Wednesday,1
1818,18-20,Wednesday,1
1819,18-20,Wednesday,1
1820,18-20,Wednesday,1
1821,18-20,Wednesday,1
1822,18-20,Wednesday,1
1823,18-20,Wednesday,1
1824,18-20,Wednesday,1
1825,18-20,Wednesday,1
1826,18-20,Wednesday,1
1827,18-20,Wednesday,1
1828,18-20,Wednesday,1
1829,18-20,Wednesday,1
1830,18-20,Wednesday,1
1831,18-20,Wednesday,1
1832,18-20,Wednesday,1
1833,18-20,Wednesday,1
1834,18-20,Wednesday,1
1835,18-20,Wednesday,1
1836,18-20,Wednesday,1
1837,18-20,Wednesday,1
1838,18-20,Wednesday,1
1839,18-20,Wednesday,1
1840,18-20,Wednesday,1
1841,18-20,Wednesday,1
1842,18-20,Wednesday,1
1843,18-20,Wednesday,1
1844,18-20,Wednesday,1
1845,18-20,Wednesday,1
1846,18-20,Wednesday,1
1847,18-20,Thursday,1
1848,18-20,Thursday,1
1849,18-20,Thursday,1
1850,18-20,Thursday,1
1851,18-20,Thursday,1
1852,18-20,Thursday,1
1853,18-20,Thursday,1
1854,18-20,Thursday,1
1855,18-20,Thursday,1
1856,18-20,Thursday,1
1857,18-20,Thursday,1
1858,18-20,Thursday,1
1859,18-20,Thursday,1
1860,18-20,Thursday,1
1861,18-20,Thursday,1
1862,18-20,Thursday,1
1863,18-20,Thursday,1
1864,18-20,Thursday,1
1865,18-20,Thursday,1
1866,18-20,Thursday,1
1867,18-20,Thursday,1
1868,18-20,Thursday,1
1869,18-20,Thursday,1
1870,18-20,Thursday,1
1871,18-20,Thursday,1
1872,18-20,Thursday,1
1873,18-20,Thursday,1
1874,18-20,Thursday,1
1875,18-20,Thursday,1
1876,18-20,Thursday,1
1877,18-20,Thursday,1
1878,18-20,Thursday,1
1879,18-20,Thursday,1
1880,18-20,Thursday,1
1881,18-20,Thursday,1
1882,18-20,Thursday,1
1883,18-20,Thursday,1
1884,18-20,Thursday,1
1885,18-20,Thursday,1
1886,18-20,Thursday,1
1887,18-20,Thursday,1
1888,18-20,Thursday,1
1889,18-20,Thursday,1
1890,18-20,Thursday,1
1891,18-20,Thursday,1
1892,18-20,Thursday,1
1893,18-20,Thursday,1
1894,18-20,Thursday,1
1895,18-20,Thursday,1
1896,18-20,Thursday,1
1897,18-20,Thursday,1
1898,18-20,Thursday,1
1899,18-20,Thursday,1
1900,18-20,Thursday,1
1901,18-20,Thursday,1
1902,18-20,Thursday,1
1903,18-20,Thursday,1
1904,18-20,Thursday,1
1905,18-20,Thursday,1
1906,18-20,Thursday,1
1907,18-20,Thursday,1
1908,18-20,Thursday,1
1909,18-20,Thursday,1
1910,18-20,Thursday,1
1911,18-20,Thursday,1
1912,18-20,Thursday,1
1913,18-20,Thursday,1
1914,18-20,Thursday,1
1915,18-20,Thursday,1
1916,18-20,Thursday,1
1917,18-20,Thursday,1
1918,18-20,Thursday,1
1919,18-20,Thursday,1
1920,18-20,Thursday,1
1921,18-20,Thursday,1
1922,18-20,Thursday,1
1923,18-20,Thursday,1
1924,18-20,Thursday,1
1925,18-20,Thursday,1
1926,18-20,Thursday,1
1927,18-20,Thursday,1
1928,18-20,Thursday,1
1929,18-20,Thursday,1
1930,18-20,Thursday,1
1931,18-20,Thursday,1
1932,18-20,Thursday,1
1933,18-20,Thursday,1
1934,18-20,Thursday,1
1935,18-20,Thursday,1
1936,18-20,Thursday,1
1937,18-20,Thursday,1
1938,18-20,Thursday,1
1939,18-20,Thursday,1
1940,18-20,Thursday,1
1941,18-20,Thursday,1
1942,18-20,Thursday,1
1943,18-20,Thursday,1
1944,18-20,Thursday,1
1945,18-20,Thursday,1
1946,18-20,Thursday,1
1947,18-20,Thursday,1
1948,18-20,Thursday,1
1949,18-20,Thursday,1
1950,18-20,Thursday,1
1951,18-20,Thursday,1
1952,18-20,Thursday,1
1953,18-20,Thursday,1
1954,18-20,Thursday,1
1955,18-20,Thursday,1
1956,18-20,Thursday,1
1957,18-20,Thursday,1
1958,18-20,Thursday,1
1959,18-20,Thursday,1
1960,18-20,Thursday,1
1961,18-20,Thursday,1
1962,18-20,Thursday,1
1963,18-20,Thursday,1
1964,18-20,Thursday,1
1965,18-20,Thursday,1
1966,18-20,Thursday,1
1967,18-20,Thursday,1
1968,18-20,Thursday,1
1969,18-20,Thursday,1
1970,18-20,Thursday,1
1971,18-20,Thursday,1
1972,18-20,Thursday,1
1973,18-20,Thursday,1
1974,18-20,Thursday,1
1975,18-20,Thursday,1
1976,18-20,Thursday,1
1977,18-20,Thursday,1
1978,18-20,Thursday,1
1979,18-20,Thursday,1
1980,18-20,Thursday,1
1981,18-20,Friday,1
1982,18-20,Friday,1
1983,18-20,Friday,1
1984,18-20,Friday,1
1985,18-20,Friday,1
1986,18-20,Friday,1
1987,18-20,Friday,1
1988,18-20,Friday,1
1989,18-20,Friday,1
1990,18-20,Friday,1
1991,18-20,Friday,1
1992,18-20,Friday,1
1993,18-20,Friday,1
1994,18-20,Friday,1
1995,18-20,Friday,1
1996,18-20,Friday,1
1997,18-20,Friday,1
1998,18-20,Friday,1
1999,18-20,Friday,1
2000,18-20,Friday,1
2001,18-20,Friday,1
2002,18-20,Friday,1
2003,18-20,Friday,1
2004,18-20,Friday,1
2005,18-20,Friday,1
2006,18-20,Friday,1
2007,18-20,Friday,1
2008,18-20,Friday,1
2009,18-20,Friday,1
2010,18-20,Friday,1
2011,18-20,Friday,1
2012,18-20,Friday,1
2013,18-20,Friday,1
2014,18-20,Friday,1
2015,18-20,Friday,1
2016,18-20,Friday,1
2017,18-20,Friday,1
2018,18-20,Friday,1
2019,18-20,Friday,1
2020,18-20,Friday,1
2021,18-20,Friday,1
2022,18-20,Friday,1
2023,18-20,Friday,1
2024,18-20,Friday,1
2025,18-20,Friday,1
2026,18-20,Friday,1
2027,18-20,Friday,1
2028,18-20,Friday,1
2029,18-20,Friday,1
2030,18-20,Friday,1
2031,18-20,Friday,1
2032,18-20,Friday,1
2033,18-20,Friday,1
2034,18-20,Friday,1
2035,18-20,Friday,1
2036,18-20,Friday,1
2037,18-20,Friday,1
2038,18-20,Friday,1
2039,18-20,Friday,1
2040,18-20,Friday,1
2041,18-20,Friday,1
2042,18-20,Friday,1
2043,18-20,Friday,1
2044,18-20,Friday,1
2045,18-20,Friday,1
2046,18-20,Friday,1
2047,18-20,Friday,1
2048,18-20,Friday,1
2049,18-20,Friday,1
2050,18-20,Friday,1
2051,18-20,Friday,1
2052,18-20,Friday,1
2053,18-20,Friday,1
2054,18-20,Friday,1
2055,18-20,Friday,1
2056,18-20,Friday,1
2057,18-20,Friday,1
2058,18-20,Friday,1
2059,18-20,Friday,1
2060,18-20,Friday,1
2061,18-20,Friday,1
2062,18-20,Friday,1
2063,18-20,Friday,1
2064,18-20,Friday,1
2065,18-20,Friday,1
2066,18-20,Friday,1
2067,18-20,Friday,1
2068,18-20,Friday,1
2069,18-20,Friday,1
2070,18-20,Friday,1
2071,18-20,Friday,1
2072,18-20,Friday,1
2073,18-20,Friday,1
2074,18-20,Friday,1
2075,18-20,Friday,1
2076,18-20,Friday,1
2077,18-20,Friday,1
2078,18-20,Friday,1
2079,18-20,Friday,1
2080,18-20,Friday,1
2081,18-20,Friday,1
2082,18-20,Friday,1
2083,18-20,Friday,1
2084,18-20,Friday,1
2085,18-20,Friday,1
2086,18-20,Friday,1
2087,18-20,Friday,1
2088,18-20,Friday,1
2089,18-20,Friday,1
2090,18-20,Friday,1
2091,18-20,Friday,1
2092,18-20,Friday,1
2093,18-20,Friday,1
2094,18-20,Friday,1
2095,18-20,Friday,1
2096,18-20,Friday,1
2097,18-20,Friday,1
2098,18-20,Friday,1
2099,18-20,Friday,1
2100,18-20,Friday,1
2101,18-20,Friday,1
2102,18-20,Friday,1
2103,18-20,Friday,1
2104,18-20,Friday,1
2105,18-20,Friday,1
2106,18-20,Friday,1
2107,18-20,Friday,1
2108,18-20,Friday,1
2109,18-20,Friday,1
2110,18-20,Friday,1
2111,18-20,Friday,1
2112,18-20,Friday,1
2113,18-20,Saturday,1
2114,18-20,Saturday,1
2115,18-20,Saturday,1
2116,18-20,Saturday,1
2117,18-20,Saturday,1
2118,18-20,Saturday,1
2119,18-20,Saturday,1
2120,18-20,Saturday,1
2121,18-20,Saturday,1
2122,18-20,Saturday,1
2123,18-20,Saturday,1
2124,18-20,Saturday,1
2125,18-20,Saturday,1
2126,18-20,Saturday,1
2127,18-20,Saturday,1
2128,18-20,Saturday,1
2129,18-20,Saturday,1
2130,18-20,Saturday,1
2131,18-20,Saturday,1
2132,18-20,Saturday,1
2133,18-20,Saturday,1
2134,18-20,Saturday,1
2135,18-20,Saturday,1
2136,18-20,Saturday,1
2137,18-20,Saturday,1
2138,18-20,Saturday,1
2139,18-20,Saturday,1
2140,18-20,Saturday,1
2141,18-20,Saturday,1
2142,18-20,Saturday,1
2143,18-20,Saturday,1
2144,18-20,Saturday,1
2145,18-20,Saturday,1
2146,18-20,Saturday,1
2147,18-20,Saturday,1
2148,18-20,Saturday,1
2149,18-20,Saturday,1
2150,18-20,Saturday,1
2151,18-20,Saturday,1
2152,18-20,Saturday,1
2153,18-20,Saturday,1
2154,18-20,Saturday,1
2155,18-20,Saturday,1
2156,18-20,Saturday,1
2157,18-20,Saturday,1
2158,18-20,Saturday,1
2159,18-20,Saturday,1
2160,18-20,Saturday,1
2161,18-20,Saturday,1
2162,18-20,Saturday,1
2163,18-20,Saturday,1
2164,18-20,Saturday,1
2165,18-20,Saturday,1
2166,18-20,Saturday,1
2167,18-20,Saturday,1
2168,18-20,Saturday,1
2169,18-20,Saturday,1
2170,18-20,Saturday,1
2171,18-20,Saturday,1
2172,18-20,Saturday,1
2173,18-20,Saturday,1
2174,18-20,Saturday,1
2175,18-20,Saturday,1
2176,18-20,Saturday,1
2177,18-20,Saturday,1
2178,18-20,Saturday,1
2179,18-20,Saturday,1
2180,18-20,Saturday,1
2181,18-20,Saturday,1
2182,18-20,Saturday,1
2183,18-20,Saturday,1
2184,18-20,Saturday,1
2185,18-20,Saturday,1
2186,18-20,Saturday,1
2187,18-20,Saturday,1
2188,18-20,Saturday,1
2189,18-20,Saturday,1
2190,18-20,Saturday,1
2191,18-20,Saturday,1
2192,18-20,Saturday,1
2193,18-20,Saturday,1
2194,18-20,Saturday,1
2195,18-20,Saturday,1
2196,18-20,Saturday,1
2197,18-20,Saturday,1
2198,18-20,Saturday,1
2199,18-20,Saturday,1
2200,18-20,Saturday,1
2201,18-20,Saturday,1
2202,18-20,Saturday,1
2203,18-20,Saturday,1
2204,18-20,Saturday,1
2205,18-20,Saturday,1
2206,18-20,Saturday,1
2207,18-20,Saturday,1
2208,18-20,Saturday,1
2209,18-20,Saturday,1
2210,18-20,Saturday,1
2211,18-20,Saturday,1
2212,18-20,Saturday,1
2213,18-20,Saturday,1
2214,18-20,Saturday,1
2215,18-20,Saturday,1
2216,18-20,Saturday,1
2217,18-20,Saturday,1
2218,18-20,Saturday,1
2219,18-20,Saturday,1
2220,18-20,Saturday,1
2221,18-20,Saturday,1
2222,18-20,Saturday,1
2223,18-20,Saturday,1
2224,18-20,Saturday,1
2225,18-20,Saturday,1
2226,18-20,Saturday,1
2227,18-20,Saturday,1
2228,18-20,Saturday,1
2229,18-20,Saturday,1
2230,18-20,Saturday,1
2231,18-20,Saturday,1
2232,18-20,Saturday,1
2233,18-20,Saturday,1
2234,18-20,Sunday,1
2235,18-20,Sunday,1
2236,18-20,Sunday,1
2237,18-20,Sunday,1
2238,18-20,Sunday,1
2239,18-20,Sunday,1
2240,18-20,Sunday,1
2241,18-20,Sunday,1
2242,18-20,Sunday,1
2243,18-20,Sunday,1
2244,18-20,Sunday,1
2245,18-20,Sunday,1
2246,18-20,Sunday,1
2247,18-20,Sunday,1
2248,18-20,Sunday,1
2249,18-20,Sunday,1
2250,18-20,Sunday,1
2251,18-20,Sunday,1
2252,18-20,Sunday,1
2253,18-20,Sunday,1
2254,18-20,Sunday,1
2255,18-20,Sunday,1
2256,18-20,Sunday,1
2257,18-20,Sunday,1
2258,18-20,Sunday,1
2259,18-20,Sunday,1
2260,18-20,Sunday,1
2261,18-20,Sunday,1
2262,18-20,Sunday,1
2263,18-20,Sunday,1
2264,18-20,Sunday,1
2265,18-20,Sunday,1
2266,18-20,Sunday,1
2267,18-20,Sunday,1
2268,18-20,Sunday,1
2269,18-20,Sunday,1
2270,18-20,Sunday,1
2271,18-20,Sunday,1
2272,18-20,Sunday,1
2273,18-20,Sunday,1
2274,18-20,Sunday,1
2275,18-20,Sunday,1
2276,18-20,Sunday,1
2277,18-20,Sunday,1
2278,18-20,Sunday,1
2279,18-20,Sunday,1
2280,18-20,Sunday,1
2281,18-20,Sunday,1
2282,18-20,Sunday,1
2283,18-20,Sunday,1
2284,18-20,Sunday,1
2285,18-20,Sunday,1
2286,18-20,Sunday,1
2287,18-20,Sunday,1
2288,18-20,Sunday,1
2289,18-20,Sunday,1
2290,18-20,Sunday,1
2291,18-20,Sunday,1
2292,18-20,Sunday,1
2293,18-20,Sunday,1
2294,18-20,Sunday,1
2295,18-20,Sunday,1
2296,18-20,Sunday,1
2297,18-20,Sunday,1
2298,18-20,Sunday,1
2299,18-20,Sunday,1
2300,18-20,Sunday,1
2301,18-20,Sunday,1
2302,18-20,Sunday,1
2303,18-20,Sunday,1
2304,18-20,Sunday,1
2305,18-20,Sunday,1
2306,18-20,Sunday,1
2307,18-20,Sunday,1
2308,18-20,Sunday,1
2309,18-20,Sunday,1
2310,18-20,Sunday,1
2311,18-20,Sunday,1
2312,18-20,Sunday,1
2313,18-20,Sunday,1
2314,18-20,Sunday,1
2315,18-20,Sunday,1
2316,18-20,Sunday,1
2317,18-20,Sunday,1
2318,18-20,Sunday,1
2319,18-20,Sunday,1
2320,18-20,Sunday,1
2321,18-20,Sunday,1
2322,18-20,Sunday,1
2323,18-20,Sunday,1
2324,18-20,Sunday,1
2325,18-20,Sunday,1
2326,18-20,Sunday,1
2327,18-20,Sunday,1
2328,18-20,Sunday,1
2329,18-20,Sunday,1
2330,18-20,Sunday,1
2331,18-20,Sunday,1
2332,18-20,Sunday,1
2333,18-20,Sunday,1
2334,18-20,Sunday,1
2335,18-20,Sunday,1
2336,18-20,Sunday,1
2337,18-20,Sunday,1
2338,18-20,Sunday,1
2339,18-20,Sunday,1
2340,18-20,Sunday,1
2341,18-20,Sunday,1
2342,18-20,Sunday,1
2343,18-20,Sunday,1
2344,16-18,Monday,1
2345,16-18,Monday,1
2346,16-18,Monday,1
2347,16-18,Monday,1
2348,16-18,Monday,1
2349,16-18,Monday,1
2350,16-18,Monday,1
2351,16-18,Monday,1
2352,16-18,Monday,1
2353,16-18,Monday,1
2354,16-18,Monday,1
2355,16-18,Monday,1
2356,16-18,Monday,1
2357,16-18,Monday,1
2358,16-18,Monday,1
2359,16-18,Monday,1
2360,16-18,Monday,1
2361,16-18,Monday,1
2362,16-18,Monday,1
2363,16-18,Monday,1
2364,16-18,Monday,1
2365,16-18,Monday,1
2366,16-18,Monday,1
2367,16-18,Monday,1
2368,16-18,Monday,1
2369,16-18,Monday,1
2370,16-18,Monday,1
2371,16-18,Monday,1
2372,16-18,Monday,1
2373,16-18,Monday,1
2374,16-18,Monday,1
2375,16-18,Monday,1
2376,16-18,Monday,1
2377,16-18,Monday,1
2378,16-18,Monday,1
2379,16-18,Monday,1
2380,16-18,Monday,1
2381,16-18,Monday,1
2382,16-18,Monday,1
2383,16-18,Monday,1
2384,16-18,Monday,1
2385,16-18,Monday,1
2386,16-18,Monday,1
2387,16-18,Monday,1
2388,16-18,Monday,1
2389,16-18,Monday,1
2390,16-18,Monday,1
2391,16-18,Monday,1
2392,16-18,Monday,1
2393,16-18,Monday,1
2394,16-18,Monday,1
2395,16-18,Monday,1
2396,16-18,Monday,1
2397,16-18,Monday,1
2398,16-18,Monday,1
2399,16-18,Monday,1
2400,16-18,Monday,1
2401,16-18,Monday,1
2402,16-18,Monday,1
2403,16-18,Monday,1
2404,16-18,Monday,1
2405,16-18,Monday,1
2406,16-18,Monday,1
2407,16-18,Monday,1
2408,16-18,Monday,1
2409,16-18,Monday,1
2410,16-18,Monday,1
2411,16-18,Monday,1
2412,16-18,Tuesday,1
2413,16-18,Tuesday,1
2414,16-18,Tuesday,1
2415,16-18,Tuesday,1
2416,16-18,Tuesday,1
2417,16-18,Tuesday,1
2418,16-18,Tuesday,1
2419,16-18,Tuesday,1
2420,16-18,Tuesday,1
2421,16-18,Tuesday,1
2422,16-18,Tuesday,1
2423,16-18,Tuesday,1
2424,16-18,Tuesday,1
2425,16-18,Tuesday,1
2426,16-18,Tuesday,1
2427,16-18,Tuesday,1
2428,16-18,Tuesday,1
2429,16-18,Tuesday,1
2430,16-18,Tuesday,1
2431,16-18,Tuesday,1
2432,16-18,Tuesday,1
2433,16-18,Tuesday,1
2434,16-18,Tuesday,1
2435,16-18,Tuesday,1
2436,16-18,Tuesday,1
2437,16-18,Tuesday,1
2438,16-18,Tuesday,1
2439,16-18,Tuesday,1
2440,16-18,Tuesday,1
2441,16-18,Tuesday,1
2442,16-18,Tuesday,1
2443,16-18,Tuesday,1
2444,16-18,Tuesday,1
2445,16-18,Tuesday,1
2446,16-18,Tuesday,1
2447,16-18,Tuesday,1
2448,16-18,Tuesday,1
2449,16-18,Tuesday,1
2450,16-18,Tuesday,1
2451,16-18,Tuesday,1
2452,16-18,Tuesday,1
2453,16-18,Tuesday,1
2454,16-18,Tuesday,1
2455,16-18,Tuesday,1
2456,16-18,Tuesday,1
2457,16-18,Tuesday,1
2458,16-18,Tuesday,1
2459,16-18,Tuesday,1
2460,16-18,Tuesday,1
2461,16-18,Tuesday,1
2462,16-18,Tuesday,1
2463,16-18,Tuesday,1
2464,16-18,Tuesday,1
2465,16-18,Tuesday,1
2466,16-18,Tuesday,1
2467,16-18,Tuesday,1
2468,16-18,Tuesday,1
2469,16-18,Tuesday,1
2470,16-18,Tuesday,1
2471,16-18,Tuesday,1
2472,16-18,Tuesday,1
2473,16-18,Tuesday,1
2474,16-18,Tuesday,1
2475,16-18,Tuesday,1
2476,16-18,Wednesday,1
2477,16-18,Wednesday,1
2478,16-18,Wednesday,1
2479,16-18,Wednesday,1
2480,16-18,Wednesday,1
2481,16-18,Wednesday,1
2482,16-18,Wednesday,1
2483,16-18,Wednesday,1
2484,16-18,Wednesday,1
2485,16-18,Wednesday,1
2486,16-18,Wednesday,1
2487,16-18,Wednesday,1
2488,16-18,Wednesday,1
2489,16-18,Wednesday,1
2490,16-18,Wednesday,1
2491,16-18,Wednesday,1
2492,16-18,Wednesday,1
2493,16-18,Wednesday,1
2494,16-18,Wednesday,1
2495,16-18,Wednesday,1
2496,16-18,Wednesday,1
2497,16-18,Wednesday,1
2498,16-18,Wednesday,1
2499,16-18,Wednesday,1
2500,16-18,Wednesday,1
2501,16-18,Wednesday,1
2502,16-18,Wednesday,1
2503,16-18,Wednesday,1
2504,16-18,Wednesday,1
2505,16-18,Wednesday,1
2506,16-18,Wednesday,1
2507,16-18,Wednesday,1
2508,16-18,Wednesday,1
2509,16-18,Wednesday,1
2510,16-18,Wednesday,1
2511,16-18,Wednesday,1
2512,16-18,Wednesday,1
2513,16-18,Wednesday,1
2514,16-18,Wednesday,1
2515,16-18,Wednesday,1
2516,16-18,Wednesday,1
2517,16-18,Wednesday,1
2518,16-18,Wednesday,1
2519,16-18,Wednesday,1
2520,16-18,Wednesday,1
2521,16-18,Wednesday,1
2522,16-18,Wednesday,1
2523,16-18,Wednesday,1
2524,16-18,Wednesday,1
2525,16-18,Wednesday,1
2526,16-18,Wednesday,1
2527,16-18,Wednesday,1
2528,16-18,Wednesday,1
2529,16-18,Wednesday,1
2530,16-18,Thursday,1
2531,16-18,Thursday,1
2532,16-18,Thursday,1
2533,16-18,Thursday,1
2534,16-18,Thursday,1
2535,16-18,Thursday,1
2536,16-18,Thursday,1
2537,16-18,Thursday,1
2538,16-18,Thursday,1
2539,16-18,Thursday,1
2540,16-18,Thursday,1
2541,16-18,Thursday,1
2542,16-18,Thursday,1
2543,16-18,Thursday,1
2544,16-18,Thursday,1
2545,16-18,Thursday,1
2546,16-18,Thursday,1
2547,16-18,Thursday,1
2548,16-18,Thursday,1
2549,16-18,Thursday,1
2550,16-18,Thursday,1
2551,16-18,Thursday,1
2552,16-18,Thursday,1
2553,16-18,Thursday,1
2554,16-18,Thursday,1
2555,16-18,Thursday,1
2556,16-18,Thursday,1
2557,16-18,Thursday,1
2558,16-18,Thursday,1
2559,16-18,Thursday,1
2560,16-18,Thursday,1
2561,16-18,Thursday,1
2562,16-18,Thursday,1
2563,16-18,Thursday,1
2564,16-18,Thursday,1
2565,16-18,Thursday,1
2566,16-18,Thursday,1
2567,16-18,Thursday,1
2568,16-18,Thursday,1
2569,16-18,Thursday,1
2570,16-18,Thursday,1
2571,16-18,Thursday,1
2572,16-18,Thursday,1
2573,16-18,Thursday,1
2574,16-18,Thursday,1
2575,16-18,Thursday,1
2576,16-18,Thursday,1
2577,16-18,Thursday,1
2578,16-18,Thursday,1
2579,16-18,Thursday,1
2580,16-18,Thursday,1
2581,16-18,Thursday,1
2582,16-18,Thursday,1
2583,16-18,Thursday,1
2584,16-18,Thursday,1
2585,16-18,Thursday,1
2586,16-18,Thursday,1
2587,16-18,Thursday,1
2588,16-18,Thursday,1
2589,16-18,Thursday,1
2590,16-18,Thursday,1
2591,16-18,Thursday,1
2592,16-18,Thursday,1
2593,16-18,Thursday,1
2594,16-18,Thursday,1
2595,16-18,Thursday,1
2596,16-18,Thursday,1
2597,16-18,Thursday,1
2598,16-18,Thursday,1
2599,16-18,Thursday,1
2600,16-18,Friday,1
2601,16-18,Friday,1
2602,16-18,Friday,1
2603,16-18,Friday,1
2604,16-18,Friday,1
2605,16-18,Friday,1
2606,16-18,Friday,1
2607,16-18,Friday,1
2608,16-18,Friday,1
2609,16-18,Friday,1
2610,16-18,Friday,1
2611,16-18,Friday,1
2612,16-18,Friday,1
2613,16-18,Friday,1
2614,16-18,Friday,1
2615,16-18,Friday,1
2616,16-18,Friday,1
2617,16-18,Friday,1
2618,16-18,Friday,1
2619,16-18,Friday,1
2620,16-18,Friday,1
2621,16-18,Friday,1
2622,16-18,Friday,1
2623,16-18,Friday,1
2624,16-18,Friday,1
2625,16-18,Friday,1
2626,16-18,Friday,1
2627,16-18,Friday,1
2628,16-18,Friday,1
2629,16-18,Friday,1
2630,16-18,Friday,1
2631,16-18,Friday,1
2632,16-18,Friday,1
2633,16-18,Friday,1
2634,16-18,Friday,1
2635,16-18,Friday,1
2636,16-18,Friday,1
2637,16-18,Friday,1
2638,16-18,Friday,1
2639,16-18,Friday,1
2640,16-18,Friday,1
2641,16-18,Friday,1
2642,16-18,Friday,1
2643,16-18,Friday,1
2644,16-18,Friday,1
2645,16-18,Friday,1
2646,16-18,Friday,1
2647,16-18,Friday,1
2648,16-18,Friday,1
2649,16-18,Friday,1
2650,16-18,Friday,1
2651,16-18,Friday,1
2652,16-18,Friday,1
2653,16-18,Friday,1
2654,16-18,Friday,1
2655,16-18,Friday,1
2656,16-18,Friday,1
2657,16-18,Friday,1
2658,16-18,Friday,1
2659,16-18,Friday,1
2660,16-18,Friday,1
2661,16-18,Friday,1
2662,16-18,Friday,1
2663,16-18,Friday,1
2664,16-18,Friday,1
2665,16-18,Friday,1
2666,16-18,Saturday,1
2667,16-18,Saturday,1
2668,16-18,Saturday,1
2669,16-18,Saturday,1
2670,16-18,Saturday,1
2671,16-18,Saturday,1
2672,16-18,Saturday,1
2673,16-18,Saturday,1
2674,16-18,Saturday,1
2675,16-18,Saturday,1
2676,16-18,Saturday,1
2677,16-18,Saturday,1
2678,16-18,Saturday,1
2679,16-18,Saturday,1
2680,16-18,Saturday,1
2681,16-18,Saturday,1
2682,16-18,Saturday,1
2683,16-18,Saturday,1
2684,16-18,Saturday,1
2685,16-18,Saturday,1
2686,16-18,Saturday,1
2687,16-18,Saturday,1
2688,16-18,Saturday,1
2689,16-18,Saturday,1
2690,16-18,Saturday,1
2691,16-18,Saturday,1
2692,16-18,Saturday,1
2693,16-18,Saturday,1
2694,16-18,Saturday,1
2695,16-18,Saturday,1
2696,16-18,Saturday,1
2697,16-18,Saturday,1
2698,16-18,Saturday,1
2699,16-18,Saturday,1
2700,16-18,Saturday,1
2701,16-18,Saturday,1
2702,16-18,Saturday,1
2703,16-18,Saturday,1
2704,16-18,Saturday,1
2705,16-18,Saturday,1
2706,16-18,Saturday,1
2707,16-18,Saturday,1
2708,16-18,Saturday,1
2709,16-18,Saturday,1
2710,16-18,Saturday,1
2711,16-18,Saturday,1
2712,16-18,Saturday,1
2713,16-18,Saturday,1
2714,16-18,Saturday,1
2715,16-18,Saturday,1
2716,16-18,Saturday,1
2717,16-18,Saturday,1
2718,16-18,Saturday,1
2719,16-18,Saturday,1
2720,16-18,Saturday,1
2721,16-18,Saturday,1
2722,16-18,Saturday,1
2723,16-18,Saturday,1
2724,16-18,Saturday,1
2725,16-18,Saturday,1
2726,16-18,Saturday,1
2727,16-18,Saturday,1
2728,16-18,Saturday,1
2729,16-18,Saturday,1
2730,16-18,Saturday,1
2731,16-18,Saturday,1
2732,16-18,Saturday,1
2733,16-18,Saturday,1
2734,16-18,Saturday,1
2735,16-18,Saturday,1
2736,16-18,Saturday,1
2737,16-18,Saturday,1
2738,16-18,Saturday,1
2739,16-18,Saturday,1
2740,16-18,Saturday,1
2741,16-18,Saturday,1
2742,16-18,Saturday,1
2743,16-18,Saturday,1
2744,16-18,Saturday,1
2745,16-18,Saturday,1
2746,16-18,Saturday,1
2747,16-18,Saturday,1
2748,16-18,Saturday,1
2749,16-18,Saturday,1
2750,16-18,Saturday,1
2751,16-18,Saturday,1
2752,16-18,Saturday,1
2753,16-18,Saturday,1
2754,16-18,Saturday,1
2755,16-18,Saturday,1
2756,16-18,Saturday,1
2757,16-18,Saturday,1
2758,16-18,Saturday,1
2759,16-18,Saturday,1
2760,16-18,Saturday,1
2761,16-18,Saturday,1
2762,16-18,Sunday,1
2763,16-18,Sunday,1
2764,16-18,Sunday,1
2765,16-18,Sunday,1
2766,16-18,Sunday,1
2767,16-18,Sunday,1
2768,16-18,Sunday,1
2769,16-18,Sunday,1
2770,16-18,Sunday,1
2771,16-18,Sunday,1
2772,16-18,Sunday,1
2773,16-18,Sunday,1
2774,16-18,Sunday,1
2775,16-18,Sunday,1
2776,16-18,Sunday,1
2777,16-18,Sunday,1
2778,16-18,Sunday,1
2779,16-18,Sunday,1
2780,16-18,Sunday,1
2781,16-18,Sunday,1
2782,16-18,Sunday,1
2783,16-18,Sunday,1
2784,16-18,Sunday,1
2785,16-18,Sunday,1
2786,16-18,Sunday,1
2787,16-18,Sunday,1
2788,16-18,Sunday,1
2789,16-18,Sunday,1
2790,16-18,Sunday,1
2791,16-18,Sunday,1
2792,16-18,Sunday,1
2793,16-18,Sunday,1
2794,16-18,Sunday,1
2795,16-18,Sunday,1
2796,16-18,Sunday,1
2797,16-18,Sunday,1
2798,16-18,Sunday,1
2799,16-18,Sunday,1
2800,16-18,Sunday,1
2801,16-18,Sunday,1
2802,16-18,Sunday,1
2803,16-18,Sunday,1
2804,16-18,Sunday,1
2805,16-18,Sunday,1
2806,16-18,Sunday,1
2807,16-18,Sunday,1
2808,16-18,Sunday,1
2809,16-18,Sunday,1
2810,16-18,Sunday,1
2811,16-18,Sunday,1
2812,16-18,Sunday,1
2813,16-18,Sunday,1
2814,16-18,Sunday,1
2815,16-18,Sunday,1
2816,16-18,Sunday,1
2817,16-18,Sunday,1
2818,16-18,Sunday,1
2819,16-18,Sunday,1
2820,16-18,Sunday,1
2821,16-18,Sunday,1
2822,16-18,Sunday,1
2823,16-18,Sunday,1
2824,16-18,Sunday,1
2825,16-18,Sunday,1
2826,16-18,Sunday,1
2827,16-18,Sunday,1
2828,16-18,Sunday,1
2829,16-18,Sunday,1
2830,16-18,Sunday,1
2831,16-18,Sunday,1
2832,16-18,Sunday,1
2833,16-18,Sunday,1
2834,16-18,Sunday,1
2835,16-18,Sunday,1
2836,16-18,Sunday,1
2837,16-18,Sunday,1
2838,16-18,Sunday,1
2839,16-18,Sunday,1
2840,16-18,Sunday,1
2841,16-18,Sunday,1
2842,16-18,Sunday,1
2843,16-18,Sunday,1
2844,16-18,Sunday,1
2845,16-18,Sunday,1
2846,16-18,Sunday,1
2847,16-18,Sunday,1
2848,16-18,Sunday,1
2849,16-18,Sunday,1
2850,16-18,Sunday,1
2851,16-18,Sunday,1
2852,16-18,Sunday,1
2853,16-18,Sunday,1
2854,16-18,Sunday,1
2855,16-18,Sunday,1
2856,14-16,Monday,1
2857,14-16,Monday,1
2858,14-16,Monday,1
2859,14-16,Monday,1
2860,14-16,Monday,1
2861,14-16,Monday,1
2862,14-16,Monday,1
2863,14-16,Monday,1
2864,14-16,Monday,1
2865,14-16,Monday,1
2866,14-16,Monday,1
2867,14-16,Monday,1
2868,14-16,Monday,1
2869,14-16,Monday,1
2870,14-16,Monday,1
2871,14-16,Monday,1
2872,14-16,Monday,1
2873,14-16,Monday,1
2874,14-16,Monday,1
2875,14-16,Monday,1
2876,14-16,Monday,1
2877,14-16,Monday,1
2878,14-16,Monday,1
2879,14-16,Monday,1
2880,14-16,Monday,1
2881,14-16,Monday,1
2882,14-16,Monday,1
2883,14-16,Monday,1
2884,14-16,Monday,1
2885,14-16,Monday,1
2886,14-16,Monday,1
2887,14-16,Monday,1
2888,14-16,Monday,1
2889,14-16,Monday,1
2890,14-16,Monday,1
2891,14-16,Monday,1
2892,14-16,Monday,1
2893,14-16,Monday,1
2894,14-16,Monday,1
2895,14-16,Monday,1
2896,14-16,Monday,1
2897,14-16,Monday,1
2898,14-16,Monday,1
2899,14-16,Monday,1
2900,14-16,Monday,1
2901,14-16,Tuesday,1
2902,14-16,Tuesday,1
2903,14-16,Tuesday,1
2904,14-16,Tuesday,1
2905,14-16,Tuesday,1
2906,14-16,Tuesday,1
2907,14-16,Tuesday,1
2908,14-16,Tuesday,1
2909,14-16,Tuesday,1
2910,14-16,Tuesday,1
2911,14-16,Tuesday,1
2912,14-16,Tuesday,1
2913,14-16,Tuesday,1
2914,14-16,Tuesday,1
2915,14-16,Tuesday,1
2916,14-16,Tuesday,1
2917,14-16,Tuesday,1
2918,14-16,Tuesday,1
2919,14-16,Tuesday,1
2920,14-16,Tuesday,1
2921,14-16,Tuesday,1
2922,14-16,Tuesday,1
2923,14-16,Tuesday,1
2924,14-16,Tuesday,1
2925,14-16,Tuesday,1
2926,14-16,Tuesday,1
2927,14-16,Tuesday,1
2928,14-16,Tuesday,1
2929,14-16,Tuesday,1
2930,14-16,Tuesday,1
2931,14-16,Tuesday,1
2932,14-16,Tuesday,1
2933,14-16,Tuesday,1
2934,14-16,Tuesday,1
2935,14-16,Tuesday,1
2936,14-16,Tuesday,1
2937,14-16,Tuesday,1
2938,14-16,Tuesday,1
2939,14-16,Tuesday,1
2940,14-16,Wednesday,1
2941,14-16,Wednesday,1
2942,14-16,Wednesday,1
2943,14-16,Wednesday,1
2944,14-16,Wednesday,1
2945,14-16,Wednesday,1
2946,14-16,Wednesday,1
2947,14-16,Wednesday,1
2948,14-16,Wednesday,1
2949,14-16,Wednesday,1
2950,14-16,Wednesday,1
2951,14-16,Wednesday,1
2952,14-16,Wednesday,1
2953,14-16,Wednesday,1
2954,14-16,Wednesday,1
2955,14-16,Wednesday,1
2956,14-16,Wednesday,1
2957,14-16,Wednesday,1
2958,14-16,Wednesday,1
2959,14-16,Wednesday,1
2960,14-16,Wednesday,1
2961,14-16,Wednesday,1
2962,14-16,Wednesday,1
2963,14-16,Wednesday,1
2964,14-16,Wednesday,1
2965,14-16,Wednesday,1
2966,14-16,Wednesday,1
2967,14-16,Wednesday,1
2968,14-16,Wednesday,1
2969,14-16,Wednesday,1
2970,14-16,Wednesday,1
2971,14-16,Wednesday,1
2972,14-16,Wednesday,1
2973,14-16,Wednesday,1
2974,14-16,Wednesday,1
2975,14-16,Wednesday,1
2976,14-16,Wednesday,1
2977,14-16,Wednesday,1
2978,14-16,Wednesday,1
2979,14-16,Wednesday,1
2980,14-16,Wednesday,1
2981,14-16,Wednesday,1
2982,14-16,Wednesday,1
2983,14-16,Wednesday,1
2984,14-16,Wednesday,1
2985,14-16,Wednesday,1
2986,14-16,Thursday,1
2987,14-16,Thursday,1
2988,14-16,Thursday,1
2989,14-16,Thursday,1
2990,14-16,Thursday,1
2991,14-16,Thursday,1
2992,14-16,Thursday,1
2993,14-16,Thursday,1
2994,14-16,Thursday,1
2995,14-16,Thursday,1
2996,14-16,Thursday,1
2997,14-16,Thursday,1
2998,14-16,Thursday,1
2999,14-16,Thursday,1
3000,14-16,Thursday,1
3001,14-16,Thursday,1
3002,14-16,Thursday,1
3003,14-16,Thursday,1
3004,14-16,Thursday,1
3005,14-16,Thursday,1
3006,14-16,Thursday,1
3007,14-16,Thursday,1
3008,14-16,Thursday,1
3009,14-16,Thursday,1
3010,14-16,Thursday,1
3011,14-16,Thursday,1
3012,14-16,Thursday,1
3013,14-16,Thursday,1
3014,14-16,Thursday,1
3015,14-16,Thursday,1
3016,14-16,Thursday,1
3017,14-16,Thursday,1
3018,14-16,Thursday,1
3019,14-16,Thursday,1
3020,14-16,Thursday,1
3021,14-16,Thursday,1
3022,14-16,Thursday,1
3023,14-16,Thursday,1
3024,14-16,Thursday,1
3025,14-16,Thursday,1
3026,14-16,Thursday,1
3027,14-16,Thursday,1
3028,14-16,Thursday,1
3029,14-16,Thursday,1
3030,14-16,Thursday,1
3031,14-16,Thursday,1
3032,14-16,Thursday,1
3033,14-16,Thursday,1
3034,14-16,Thursday,1
3035,14-16,Thursday,1
3036,14-16,Thursday,1
3037,14-16,Thursday,1
3038,14-16,Friday,1
3039,14-16,Friday,1
3040,14-16,Friday,1
3041,14-16,Friday,1
3042,14-16,Friday,1
3043,14-16,Friday,1
3044,14-16,Friday,1
3045,14-16,Friday,1
3046,14-16,Friday,1
3047,14-16,Friday,1
3048,14-16,Friday,1
3049,14-16,Friday,1
3050,14-16,Friday,1
3051,14-16,Friday,1
3052,14-16,Friday,1
3053,14-16,Friday,1
3054,14-16,Friday,1
3055,14-16,Friday,1
3056,14-16,Friday,1
3057,14-16,Friday,1
3058,14-16,Friday,1
3059,14-16,Friday,1
3060,14-16,Friday,1
3061,14-16,Friday,1
3062,14-16,Friday,1
3063,14-16,Friday,1
3064,14-16,Friday,1
3065,14-16,Friday,1
3066,14-16,Friday,1
3067,14-16,Friday,1
3068,14-16,Friday,1
3069,14-16,Friday,1
3070,14-16,Friday,1
3071,14-16,Friday,1
3072,14-16,Friday,1
3073,14-16,Friday,1
3074,14-16,Friday,1
3075,14-16,Friday,1
3076,14-16,Friday,1
3077,14-16,Friday,1
3078,14-16,Friday,1
3079,14-16,Friday,1
3080,14-16,Friday,1
3081,14-16,Friday,1
3082,14-16,Friday,1
3083,14-16,Friday,1
3084,14-16,Friday,1
3085,14-16,Friday,1
3086,14-16,Friday,1
3087,14-16,Friday,1
3088,14-16,Friday,1
3089,14-16,Friday,1
3090,14-16,Friday,1
3091,14-16,Friday,1
3092,14-16,Friday,1
3093,14-16,Friday,1
3094,14-16,Friday,1
3095,14-16,Friday,1
3096,14-16,Friday,1
3097,14-16,Friday,1
3098,14-16,Friday,1
3099,14-16,Friday,1
3100,14-16,Friday,1
3101,14-16,Friday,1
3102,14-16,Friday,1
3103,14-16,Friday,1
3104,14-16,Friday,1
3105,14-16,Friday,1
3106,14-16,Friday,1
3107,14-16,Friday,1
3108,14-16,Friday,1
3109,14-16,Saturday,1
3110,14-16,Saturday,1
3111,14-16,Saturday,1
3112,14-16,Saturday,1
3113,14-16,Saturday,1
3114,14-16,Saturday,1
3115,14-16,Saturday,1
3116,14-16,Saturday,1
3117,14-16,Saturday,1
3118,14-16,Saturday,1
3119,14-16,Saturday,1
3120,14-16,Saturday,1
3121,14-16,Saturday,1
3122,14-16,Saturday,1
3123,14-16,Saturday,1
3124,14-16,Saturday,1
3125,14-16,Saturday,1
3126,14-16,Saturday,1
3127,14-16,Saturday,1
3128,14-16,Saturday,1
3129,14-16,Saturday,1
3130,14-16,Saturday,1
3131,14-16,Saturday,1
3132,14-16,Saturday,1
3133,14-16,Saturday,1
3134,14-16,Saturday,1
3135,14-16,Saturday,1
3136,14-16,Saturday,1
3137,14-16,Saturday,1
3138,14-16,Saturday,1
3139,14-16,Saturday,1
3140,14-16,Saturday,1
3141,14-16,Saturday,1
3142,14-16,Saturday,1
3143,14-16,Saturday,1
3144,14-16,Saturday,1
3145,14-16,Saturday,1
3146,14-16,Saturday,1
3147,14-16,Saturday,1
3148,14-16,Saturday,1
3149,14-16,Saturday,1
3150,14-16,Saturday,1
3151,14-16,Saturday,1
3152,14-16,Saturday,1
3153,14-16,Saturday,1
3154,14-16,Saturday,1
3155,14-16,Saturday,1
3156,14-16,Saturday,1
3157,14-16,Saturday,1
3158,14-16,Saturday,1
3159,14-16,Saturday,1
3160,14-16,Saturday,1
3161,14-16,Saturday,1
3162,14-16,Saturday,1
3163,14-16,Saturday,1
3164,14-16,Saturday,1
3165,14-16,Saturday,1
3166,14-16,Saturday,1
3167,14-16,Saturday,1
3168,14-16,Saturday,1
3169,14-16,Saturday,1
3170,14-16,Saturday,1
3171,14-16,Saturday,1
3172,14-16,Saturday,1
3173,14-16,Saturday,1
3174,14-16,Saturday,1
3175,14-16,Saturday,1
3176,14-16,Saturday,1
3177,14-16,Saturday,1
3178,14-16,Sunday,1
3179,14-16,Sunday,1
3180,14-16,Sunday,1
3181,14-16,Sunday,1
3182,14-16,Sunday,1
3183,14-16,Sunday,1
3184,14-16,Sunday,1
3185,14-16,Sunday,1
3186,14-16,Sunday,1
3187,14-16,Sunday,1
3188,14-16,Sunday,1
3189,14-16,Sunday,1
3190,14-16,Sunday,1
3191,14-16,Sunday,1
3192,14-16,Sunday,1
3193,14-16,Sunday,1
3194,14-16,Sunday,1
3195,14-16,Sunday,1
3196,14-16,Sunday,1
3197,14-16,Sunday,1
3198,14-16,Sunday,1
3199,14-16,Sunday,1
3200,14-16,Sunday,1
3201,14-16,Sunday,1
3202,14-16,Sunday,1
3203,14-16,Sunday,1
3204,14-16,Sunday,1
3205,14-16,Sunday,1
3206,14-16,Sunday,1
3207,14-16,Sunday,1
3208,14-16,Sunday,1
3209,14-16,Sunday,1
3210,14-16,Sunday,1
3211,14-16,Sunday,1
3212,14-16,Sunday,1
3213,14-16,Sunday,1
3214,14-16,Sunday,1
3215,14-16,Sunday,1
3216,14-16,Sunday,1
3217,14-16,Sunday,1
3218,14-16,Sunday,1
3219,14-16,Sunday,1
3220,14-16,Sunday,1
3221,14-16,Sunday,1
3222,14-16,Sunday,1
3223,14-16,Sunday,1
3224,14-16,Sunday,1
3225,14-16,Sunday,1
3226,14-16,Sunday,1
3227,14-16,Sunday,1
3228,14-16,Sunday,1
3229,14-16,Sunday,1
3230,14-16,Sunday,1
3231,14-16,Sunday,1
3232,14-16,Sunday,1
3233,14-16,Sunday,1
3234,14-16,Sunday,1
3235,14-16,Sunday,1
3236,14-16,Sunday,1
3237,14-16,Sunday,1
3238,14-16,Sunday,1
3239,14-16,Sunday,1
3240,14-16,Sunday,1
3241,14-16,Sunday,1
3242,14-16,Sunday,1
3243,14-16,Sunday,1
3244,14-16,Sunday,1
3245,14-16,Sunday,1
3246,14-16,Sunday,1
3247,14-16,Sunday,1
3248,14-16,Sunday,1
3249,14-16,Sunday,1
3250,14-16,Sunday,1
3251,14-16,Sunday,1
3252,14-16,Sunday,1
3253,14-16,Sunday,1
3254,14-16,Sunday,1
3255,14-16,Sunday,1
3256,14-16,Sunday,1
3257,14-16,Sunday,1
3258,12-14,Monday,1
3259,12-14,Monday,1
3260,12-14,Monday,1
3261,12-14,Monday,1
3262,12-14,Monday,1
3263,12-14,Monday,1
3264,12-14,Monday,1
3265,12-14,Monday,1
3266,12-14,Monday,1
3267,12-14,Monday,1
3268,12-14,Monday,1
3269,12-14,Monday,1
3270,12-14,Monday,1
3271,12-14,Monday,1
3272,12-14,Monday,1
3273,12-14,Monday,1
3274,12-14,Monday,1
3275,12-14,Monday,1
3276,12-14,Monday,1
3277,12-14,Monday,1
3278,12-14,Monday,1
3279,12-14,Monday,1
3280,12-14,Monday,1
3281,12-14,Monday,1
3282,12-14,Monday,1
3283,12-14,Monday,1
3284,12-14,Monday,1
3285,12-14,Monday,1
3286,12-14,Monday,1
3287,12-14,Monday,1
3288,12-14,Monday,1
3289,12-14,Monday,1
3290,12-14,Monday,1
3291,12-14,Monday,1
3292,12-14,Monday,1
3293,12-14,Monday,1
3294,12-14,Monday,1
3295,12-14,Monday,1
3296,12-14,Monday,1
3297,12-14,Monday,1
3298,12-14,Monday,1
3299,12-14,Monday,1
3300,12-14,Monday,1
3301,12-14,Monday,1
3302,12-14,Monday,1
3303,12-14,Monday,1
3304,12-14,Monday,1
3305,12-14,Monday,1
3306,12-14,Monday,1
3307,12-14,Monday,1
3308,12-14,Monday,1
3309,12-14,Monday,1
3310,12-14,Monday,1
3311,12-14,Monday,1
3312,12-14,Monday,1
3313,12-14,Monday,1
3314,12-14,Monday,1
3315,12-14,Monday,1
3316,12-14,Monday,1
3317,12-14,Monday,1
3318,12-14,Monday,1
3319,12-14,Monday,1
3320,12-14,Monday,1
3321,12-14,Tuesday,1
3322,12-14,Tuesday,1
3323,12-14,Tuesday,1
3324,12-14,Tuesday,1
3325,12-14,Tuesday,1
3326,12-14,Tuesday,1
3327,12-14,Tuesday,1
3328,12-14,Tuesday,1
3329,12-14,Tuesday,1
3330,12-14,Tuesday,1
3331,12-14,Tuesday,1
3332,12-14,Tuesday,1
3333,12-14,Tuesday,1
3334,12-14,Tuesday,1
3335,12-14,Tuesday,1
3336,12-14,Tuesday,1
3337,12-14,Tuesday,1
3338,12-14,Tuesday,1
3339,12-14,Tuesday,1
3340,12-14,Tuesday,1
3341,12-14,Tuesday,1
3342,12-14,Tuesday,1
3343,12-14,Tuesday,1
3344,12-14,Tuesday,1
3345,12-14,Tuesday,1
3346,12-14,Tuesday,1
3347,12-14,Tuesday,1
3348,12-14,Tuesday,1
3349,12-14,Tuesday,1
3350,12-14,Tuesday,1
3351,12-14,Tuesday,1
3352,12-14,Tuesday,1
3353,12-14,Tuesday,1
3354,12-14,Tuesday,1
3355,12-14,Tuesday,1
3356,12-14,Tuesday,1
3357,12-14,Tuesday,1
3358,12-14,Tuesday,1
3359,12-14,Tuesday,1
3360,12-14,Tuesday,1
3361,12-14,Tuesday,1
3362,12-14,Tuesday,1
3363,12-14,Tuesday,1
3364,12-14,Tuesday,1
3365,12-14,Tuesday,1
3366,12-14,Tuesday,1
3367,12-14,Tuesday,1
3368,12-14,Tuesday,1
3369,12-14,Wednesday,1
3370,12-14,Wednesday,1
3371,12-14,Wednesday,1
3372,12-14,Wednesday,1
3373,12-14,Wednesday,1
3374,12-14,Wednesday,1
3375,12-14,Wednesday,1
3376,12-14,Wednesday,1
3377,12-14,Wednesday,1
3378,12-14,Wednesday,1
3379,12-14,Wednesday,1
3380,12-14,Wednesday,1
3381,12-14,Wednesday,1
3382,12-14,Wednesday,1
3383,12-14,Wednesday,1
3384,12-14,Wednesday,1
3385,12-14,Wednesday,1
3386,12-14,Wednesday,1
3387,12-14,Wednesday,1
3388,12-14,Wednesday,1
3389,12-14,Wednesday,1
3390,12-14,Wednesday,1
3391,12-14,Wednesday,1
3392,12-14,Wednesday,1
3393,12-14,Wednesday,1
3394,12-14,Wednesday,1
3395,12-14,Wednesday,1
3396,12-14,Wednesday,1
3397,12-14,Wednesday,1
3398,12-14,Wednesday,1
3399,12-14,Wednesday,1
3400,12-14,Wednesday,1
3401,12-14,Wednesday,1
3402,12-14,Wednesday,1
3403,12-14,Wednesday,1
3404,12-14,Wednesday,1
3405,12-14,Wednesday,1
3406,12-14,Wednesday,1
3407,12-14,Wednesday,1
3408,12-14,Wednesday,1
3409,12-14,Wednesday,1
3410,12-14,Wednesday,1
3411,12-14,Wednesday,1
3412,12-14,Wednesday,1
3413,12-14,Wednesday,1
3414,12-14,Wednesday,1
3415,12-14,Wednesday,1
3416,12-14,Wednesday,1
3417,12-14,Wednesday,1
3418,12-14,Wednesday,1
3419,12-14,Wednesday,1
3420,12-14,Thursday,1
3421,12-14,Thursday,1
3422,12-14,Thursday,1
3423,12-14,Thursday,1
3424,12-14,Thursday,1
3425,12-14,Thursday,1
3426,12-14,Thursday,1
3427,12-14,Thursday,1
3428,12-14,Thursday,1
3429,12-14,Thursday,1
3430,12-14,Thursday,1
3431,12-14,Thursday,1
3432,12-14,Thursday,1
3433,12-14,Thursday,1
3434,12-14,Thursday,1
3435,12-14,Thursday,1
3436,12-14,Thursday,1
3437,12-14,Thursday,1
3438,12-14,Thursday,1
3439,12-14,Thursday,1
3440,12-14,Thursday,1
3441,12-14,Thursday,1
3442,12-14,Thursday,1
3443,12-14,Thursday,1
3444,12-14,Thursday,1
3445,12-14,Thursday,1
3446,12-14,Thursday,1
3447,12-14,Thursday,1
3448,12-14,Thursday,1
3449,12-14,Thursday,1
3450,12-14,Thursday,1
3451,12-14,Thursday,1
3452,12-14,Thursday,1
3453,12-14,Thursday,1
3454,12-14,Thursday,1
3455,12-14,Thursday,1
3456,12-14,Thursday,1
3457,12-14,Thursday,1
3458,12-14,Thursday,1
3459,12-14,Friday,1
3460,12-14,Friday,1
3461,12-14,Friday,1
3462,12-14,Friday,1
3463,12-14,Friday,1
3464,12-14,Friday,1
3465,12-14,Friday,1
3466,12-14,Friday,1
3467,12-14,Friday,1
3468,12-14,Friday,1
3469,12-14,Friday,1
3470,12-14,Friday,1
3471,12-14,Friday,1
3472,12-14,Friday,1
3473,12-14,Friday,1
3474,12-14,Friday,1
3475,12-14,Friday,1
3476,12-14,Friday,1
3477,12-14,Friday,1
3478,12-14,Friday,1
3479,12-14,Friday,1
3480,12-14,Friday,1
3481,12-14,Friday,1
3482,12-14,Friday,1
3483,12-14,Friday,1
3484,12-14,Friday,1
3485,12-14,Friday,1
3486,12-14,Friday,1
3487,12-14,Friday,1
3488,12-14,Friday,1
3489,12-14,Friday,1
3490,12-14,Friday,1
3491,12-14,Friday,1
3492,12-14,Friday,1
3493,12-14,Friday,1
3494,12-14,Friday,1
3495,12-14,Friday,1
3496,12-14,Friday,1
3497,12-14,Friday,1
3498,12-14,Friday,1
3499,12-14,Friday,1
3500,12-14,Friday,1
3501,12-14,Friday,1
3502,12-14,Friday,1
3503,12-14,Friday,1
3504,12-14,Friday,1
3505,12-14,Friday,1
3506,12-14,Friday,1
3507,12-14,Friday,1
3508,12-14,Friday,1
3509,12-14,Friday,1
3510,12-14,Friday,1
3511,12-14,Friday,1
3512,12-14,Friday,1
3513,12-14,Friday,1
3514,12-14,Friday,1
3515,12-14,Friday,1
3516,12-14,Friday,1
3517,12-14,Friday,1
3518,12-14,Friday,1
3519,12-14,Friday,1
3520,12-14,Friday,1
3521,12-14,Friday,1
3522,12-14,Friday,1
3523,12-14,Saturday,1
3524,12-14,Saturday,1
3525,12-14,Saturday,1
3526,12-14,Saturday,1
3527,12-14,Saturday,1
3528,12-14,Saturday,1
3529,12-14,Saturday,1
3530,12-14,Saturday,1
3531,12-14,Saturday,1
3532,12-14,Saturday,1
3533,12-14,Saturday,1
3534,12-14,Saturday,1
3535,12-14,Saturday,1
3536,12-14,Saturday,1
3537,12-14,Saturday,1
3538,12-14,Saturday,1
3539,12-14,Saturday,1
3540,12-14,Saturday,1
3541,12-14,Saturday,1
3542,12-14,Saturday,1
3543,12-14,Saturday,1
3544,12-14,Saturday,1
3545,12-14,Saturday,1
3546,12-14,Saturday,1
3547,12-14,Saturday,1
3548,12-14,Saturday,1
3549,12-14,Saturday,1
3550,12-14,Saturday,1
3551,12-14,Saturday,1
3552,12-14,Saturday,1
3553,12-14,Saturday,1
3554,12-14,Saturday,1
3555,12-14,Saturday,1
3556,12-14,Saturday,1
3557,12-14,Saturday,1
3558,12-14,Saturday,1
3559,12-14,Saturday,1
3560,12-14,Saturday,1
3561,12-14,Saturday,1
3562,12-14,Saturday,1
3563,12-14,Saturday,1
3564,12-14,Saturday,1
3565,12-14,Saturday,1
3566,12-14,Saturday,1
3567,12-14,Saturday,1
3568,12-14,Saturday,1
3569,12-14,Saturday,1
3570,12-14,Saturday,1
3571,12-14,Saturday,1
3572,12-14,Saturday,1
3573,12-14,Saturday,1
3574,12-14,Saturday,1
3575,12-14,Saturday,1
3576,12-14,Saturday,1
3577,12-14,Saturday,1
3578,12-14,Saturday,1
3579,12-14,Saturday,1
3580,12-14,Saturday,1
3581,12-14,Saturday,1
3582,12-14,Saturday,1
3583,12-14,Saturday,1
3584,12-14,Saturday,1
3585,12-14,Saturday,1
3586,12-14,Saturday,1
3587,12-14,Saturday,1
3588,12-14,Sunday,1
3589,12-14,Sunday,1
3590,12-14,Sunday,1
3591,12-14,Sunday,1
3592,12-14,Sunday,1
3593,12-14,Sunday,1
3594,12-14,Sunday,1
3595,12-14,Sunday,1
3596,12-14,Sunday,1
3597,12-14,Sunday,1
3598,12-14,Sunday,1
3599,12-14,Sunday,1
3600,12-14,Sunday,1
3601,12-14,Sunday,1
3602,12-14,Sunday,1
3603,12-14,Sunday,1
3604,12-14,Sunday,1
3605,12-14,Sunday,1
3606,12-14,Sunday,1
3607,12-14,Sunday,1
3608,12-14,Sunday,1
3609,12-14,Sunday,1
3610,12-14,Sunday,1
3611,12-14,Sunday,1
3612,12-14,Sunday,1
3613,12-14,Sunday,1
3614,12-14,Sunday,1
3615,12-14,Sunday,1
3616,12-14,Sunday,1
3617,12-14,Sunday,1
3618,12-14,Sunday,1
3619,12-14,Sunday,1
3620,12-14,Sunday,1
3621,12-14,Sunday,1
3622,12-14,Sunday,1
3623,12-14,Sunday,1
3624,12-14,Sunday,1
3625,12-14,Sunday,1
3626,12-14,Sunday,1
3627,12-14,Sunday,1
3628,12-14,Sunday,1
3629,12-14,Sunday,1
3630,12-14,Sunday,1
3631,12-14,Sunday,1
3632,12-14,Sunday,1
3633,12-14,Sunday,1
3634,12-14,Sunday,1
3635,12-14,Sunday,1
3636,12-14,Sunday,1
3637,12-14,Sunday,1
3638,12-14,Sunday,1
3639,12-14,Sunday,1
3640,12-14,Sunday,1
3641,12-14,Sunday,1
3642,12-14,Sunday,1
3643,12-14,Sunday,1
3644,12-14,Sunday,1
3645,12-14,Sunday,1
3646,12-14,Sunday,1
3647,12-14,Sunday,1
3648,12-14,Sunday,1
3649,12-14,Sunday,1
3650,12-14,Sunday,1
3651,12-14,Sunday,1
3652,12-14,Sunday,1
3653,12-14,Sunday,1
3654,12-14,Sunday,1
3655,12-14,Sunday,1
3656,12-14,Sunday,1
3657,12-14,Sunday,1
3658,12-14,Sunday,1
3659,12-14,Sunday,1
3660,12-14,Sunday,1
3661,12-14,Sunday,1
3662,12-14,Sunday,1
3663,12-14,Sunday,1
3664,12-14,Sunday,1
3665,12-14,Sunday,1
3666,12-14,Sunday,1
3667,12-14,Sunday,1
3668,12-14,Sunday,1
3669,12-14,Sunday,1
3670,12-14,Sunday,1
3671,12-14,Sunday,1
3672,12-14,Sunday,1
3673,10-12,Monday,1
3674,10-12,Monday,1
3675,10-12,Monday,1
3676,10-12,Monday,1
3677,10-12,Monday,1
3678,10-12,Monday,1
3679,10-12,Monday,1
3680,10-12,Monday,1
3681,10-12,Monday,1
3682,10-12,Monday,1
3683,10-12,Monday,1
3684,10-12,Monday,1
3685,10-12,Monday,1
3686,10-12,Monday,1
3687,10-12,Monday,1
3688,10-12,Monday,1
3689,10-12,Monday,1
3690,10-12,Monday,1
3691,10-12,Monday,1
3692,10-12,Monday,1
3693,10-12,Monday,1
3694,10-12,Monday,1
3695,10-12,Monday,1
3696,10-12,Monday,1
3697,10-12,Monday,1
3698,10-12,Monday,1
3699,10-12,Monday,1
3700,10-12,Monday,1
3701,10-12,Monday,1
3702,10-12,Monday,1
3703,10-12,Monday,1
3704,10-12,Monday,1
3705,10-12,Monday,1
3706,10-12,Monday,1
3707,10-12,Monday,1
3708,10-12,Monday,1
3709,10-12,Monday,1
3710,10-12,Monday,1
3711,10-12,Monday,1
3712,10-12,Monday,1
3713,10-12,Monday,1
3714,10-12,Monday,1
3715,10-12,Monday,1
3716,10-12,Monday,1
3717,10-12,Monday,1
3718,10-12,Monday,1
3719,10-12,Monday,1
3720,10-12,Monday,1
3721,10-12,Tuesday,1
3722,10-12,Tuesday,1
3723,10-12,Tuesday,1
3724,10-12,Tuesday,1
3725,10-12,Tuesday,1
3726,10-12,Tuesday,1
3727,10-12,Tuesday,1
3728,10-12,Tuesday,1
3729,10-12,Tuesday,1
3730,10-12,Tuesday,1
3731,10-12,Tuesday,1
3732,10-12,Tuesday,1
3733,10-12,Tuesday,1
3734,10-12,Tuesday,1
3735,10-12,Tuesday,1
3736,10-12,Tuesday,1
3737,10-12,Tuesday,1
3738,10-12,Tuesday,1
3739,10-12,Tuesday,1
3740,10-12,Tuesday,1
3741,10-12,Tuesday,1
3742,10-12,Tuesday,1
3743,10-12,Tuesday,1
3744,10-12,Tuesday,1
3745,10-12,Tuesday,1
3746,10-12,Tuesday,1
3747,10-12,Tuesday,1
3748,10-12,Tuesday,1
3749,10-12,Tuesday,1
3750,10-12,Tuesday,1
3751,10-12,Tuesday,1
3752,10-12,Tuesday,1
3753,10-12,Tuesday,1
3754,10-12,Tuesday,1
3755,10-12,Tuesday,1
3756,10-12,Tuesday,1
3757,10-12,Tuesday,1
3758,10-12,Tuesday,1
3759,10-12,Tuesday,1
3760,10-12,Tuesday,1
3761,10-12,Tuesday,1
3762,10-12,Tuesday,1
3763,10-12,Tuesday,1
3764,10-12,Wednesday,1
3765,10-12,Wednesday,1
3766,10-12,Wednesday,1
3767,10-12,Wednesday,1
3768,10-12,Wednesday,1
3769,10-12,Wednesday,1
3770,10-12,Wednesday,1
3771,10-12,Wednesday,1
3772,10-12,Wednesday,1
3773,10-12,Wednesday,1
3774,10-12,Wednesday,1
3775,10-12,Wednesday,1
3776,10-12,Wednesday,1
3777,10-12,Wednesday,1
3778,10-12,Wednesday,1
3779,10-12,Wednesday,1
3780,10-12,Wednesday,1
3781,10-12,Wednesday,1
3782,10-12,Wednesday,1
3783,10-12,Wednesday,1
3784,10-12,Wednesday,1
3785,10-12,Wednesday,1
3786,10-12,Wednesday,1
3787,10-12,Wednesday,1
3788,10-12,Wednesday,1
3789,10-12,Wednesday,1
3790,10-12,Wednesday,1
3791,10-12,Wednesday,1
3792,10-12,Wednesday,1
3793,10-12,Wednesday,1
3794,10-12,Wednesday,1
3795,10-12,Wednesday,1
3796,10-12,Wednesday,1
3797,10-12,Wednesday,1
3798,10-12,Wednesday,1
3799,10-12,Wednesday,1
3800,10-12,Wednesday,1
3801,10-12,Thursday,1
3802,10-12,Thursday,1
3803,10-12,Thursday,1
3804,10-12,Thursday,1
3805,10-12,Thursday,1
3806,10-12,Thursday,1
3807,10-12,Thursday,1
3808,10-12,Thursday,1
3809,10-12,Thursday,1
3810,10-12,Thursday,1
3811,10-12,Thursday,1
3812,10-12,Thursday,1
3813,10-12,Thursday,1
3814,10-12,Thursday,1
3815,10-12,Thursday,1
3816,10-12,Thursday,1
3817,10-12,Thursday,1
3818,10-12,Thursday,1
3819,10-12,Thursday,1
3820,10-12,Thursday,1
3821,10-12,Thursday,1
3822,10-12,Thursday,1
3823,10-12,Thursday,1
3824,10-12,Thursday,1
3825,10-12,Thursday,1
3826,10-12,Thursday,1
3827,10-12,Thursday,1
3828,10-12,Thursday,1
3829,10-12,Thursday,1
3830,10-12,Thursday,1
3831,10-12,Thursday,1
3832,10-12,Thursday,1
3833,10-12,Thursday,1
3834,10-12,Thursday,1
3835,10-12,Thursday,1
3836,10-12,Thursday,1
3837,10-12,Thursday,1
3838,10-12,Friday,1
3839,10-12,Friday,1
3840,10-12,Friday,1
3841,10-12,Friday,1
3842,10-12,Friday,1
3843,10-12,Friday,1
3844,10-12,Friday,1
3845,10-12,Friday,1
3846,10-12,Friday,1
3847,10-12,Friday,1
3848,10-12,Friday,1
3849,10-12,Friday,1
3850,10-12,Friday,1
3851,10-12,Friday,1
3852,10-12,Friday,1
3853,10-12,Friday,1
3854,10-12,Friday,1
3855,10-12,Friday,1
3856,10-12,Friday,1
3857,10-12,Friday,1
3858,10-12,Friday,1
3859,10-12,Friday,1
3860,10-12,Friday,1
3861,10-12,Friday,1
3862,10-12,Friday,1
3863,10-12,Friday,1
3864,10-12,Friday,1
3865,10-12,Friday,1
3866,10-12,Friday,1
3867,10-12,Friday,1
3868,10-12,Friday,1
3869,10-12,Friday,1
3870,10-12,Friday,1
3871,10-12,Friday,1
3872,10-12,Friday,1
3873,10-12,Friday,1
3874,10-12,Friday,1
3875,10-12,Friday,1
3876,10-12,Friday,1
3877,10-12,Friday,1
3878,10-12,Friday,1
3879,10-12,Friday,1
3880,10-12,Friday,1
3881,10-12,Friday,1
3882,10-12,Friday,1
3883,10-12,Friday,1
3884,10-12,Friday,1
3885,10-12,Friday,1
3886,10-12,Friday,1
3887,10-12,Friday,1
3888,10-12,Friday,1
3889,10-12,Saturday,1
3890,10-12,Saturday,1
3891,10-12,Saturday,1
3892,10-12,Saturday,1
3893,10-12,Saturday,1
3894,10-12,Saturday,1
3895,10-12,Saturday,1
3896,10-12,Saturday,1
3897,10-12,Saturday,1
3898,10-12,Saturday,1
3899,10-12,Saturday,1
3900,10-12,Saturday,1
3901,10-12,Saturday,1
3902,10-12,Saturday,1
3903,10-12,Saturday,1
3904,10-12,Saturday,1
3905,10-12,Saturday,1
3906,10-12,Saturday,1
3907,10-12,Saturday,1
3908,10-12,Saturday,1
3909,10-12,Saturday,1
3910,10-12,Saturday,1
3911,10-12,Saturday,1
3912,10-12,Saturday,1
3913,10-12,Saturday,1
3914,10-12,Saturday,1
3915,10-12,Saturday,1
3916,10-12,Saturday,1
3917,10-12,Saturday,1
3918,10-12,Saturday,1
3919,10-12,Saturday,1
3920,10-12,Saturday,1
3921,10-12,Saturday,1
3922,10-12,Saturday,1
3923,10-12,Saturday,1
3924,10-12,Saturday,1
3925,10-12,Saturday,1
3926,10-12,Saturday,1
3927,10-12,Saturday,1
3928,10-12,Saturday,1
3929,10-12,Saturday,1
3930,10-12,Saturday,1
3931,10-12,Saturday,1
3932,10-12,Saturday,1
3933,10-12,Saturday,1
3934,10-12,Saturday,1
3935,10-12,Saturday,1
3936,10-12,Saturday,1
3937,10-12,Saturday,1
3938,10-12,Saturday,1
3939,10-12,Saturday,1
3940,10-12,Saturday,1
3941,10-12,Saturday,1
3942,10-12,Saturday,1
3943,10-12,Saturday,1
3944,10-12,Saturday,1
3945,10-12,Saturday,1
3946,10-12,Saturday,1
3947,10-12,Saturday,1
3948,10-12,Saturday,1
3949,10-12,Sunday,1
3950,10-12,Sunday,1
3951,10-12,Sunday,1
3952,10-12,Sunday,1
3953,10-12,Sunday,1
3954,10-12,Sunday,1
3955,10-12,Sunday,1
3956,10-12,Sunday,1
3957,10-12,Sunday,1
3958,10-12,Sunday,1
3959,10-12,Sunday,1
3960,10-12,Sunday,1
3961,10-12,Sunday,1
3962,10-12,Sunday,1
3963,10-12,Sunday,1
3964,10-12,Sunday,1
3965,10-12,Sunday,1
3966,10-12,Sunday,1
3967,10-12,Sunday,1
3968,10-12,Sunday,1
3969,10-12,Sunday,1
3970,10-12,Sunday,1
3971,10-12,Sunday,1
3972,10-12,Sunday,1
3973,10-12,Sunday,1
3974,10-12,Sunday,1
3975,10-12,Sunday,1
3976,10-12,Sunday,1
3977,10-12,Sunday,1
3978,10-12,Sunday,1
3979,10-12,Sunday,1
3980,10-12,Sunday,1
3981,10-12,Sunday,1
3982,10-12,Sunday,1
3983,10-12,Sunday,1
3984,10-12,Sunday,1
3985,10-12,Sunday,1
3986,10-12,Sunday,1
3987,10-12,Sunday,1
3988,10-12,Sunday,1
3989,10-12,Sunday,1
3990,10-12,Sunday,1
3991,10-12,Sunday,1
3992,10-12,Sunday,1
3993,10-12,Sunday,1
3994,10-12,Sunday,1
3995,10-12,Sunday,1
3996,10-12,Sunday,1
3997,10-12,Sunday,1
3998,10-12,Sunday,1
3999,10-12,Sunday,1
4000,10-12,Sunday,1
4001,10-12,Sunday,1
4002,10-12,Sunday,1
4003,10-12,Sunday,1
4004,10-12,Sunday,1
4005,10-12,Sunday,1
4006,10-12,Sunday,1
4007,10-12,Sunday,1
4008,10-12,Sunday,1
4009,10-12,Sunday,1
4010,10-12,Sunday,1
4011,10-12,Sunday,1
4012,10-12,Sunday,1
4013,10-12,Sunday,1
4014,08-10,Monday,1
4015,08-10,Monday,1
4016,08-10,Monday,1
4017,08-10,Monday,1
4018,08-10,Monday,1
4019,08-10,Monday,1
4020,08-10,Monday,1
4021,08-10,Monday,1
4022,08-10,Monday,1
4023,08-10,Monday,1
4024,08-10,Monday,1
4025,08-10,Monday,1
4026,08-10,Monday,1
4027,08-10,Monday,1
4028,08-10,Monday,1
4029,08-10,Monday,1
4030,08-10,Monday,1
4031,08-10,Monday,1
4032,08-10,Monday,1
4033,08-10,Monday,1
4034,08-10,Monday,1
4035,08-10,Monday,1
4036,08-10,Monday,1
4037,08-10,Monday,1
4038,08-10,Monday,1
4039,08-10,Monday,1
4040,08-10,Monday,1
4041,08-10,Monday,1
4042,08-10,Monday,1
4043,08-10,Monday,1
4044,08-10,Monday,1
4045,08-10,Monday,1
4046,08-10,Monday,1
4047,08-10,Tuesday,1
4048,08-10,Tuesday,1
4049,08-10,Tuesday,1
4050,08-10,Tuesday,1
4051,08-10,Tuesday,1
4052,08-10,Tuesday,1
4053,08-10,Tuesday,1
4054,08-10,Tuesday,1
4055,08-10,Tuesday,1
4056,08-10,Tuesday,1
4057,08-10,Tuesday,1
4058,08-10,Tuesday,1
4059,08-10,Tuesday,1
4060,08-10,Tuesday,1
4061,08-10,Tuesday,1
4062,08-10,Tuesday,1
4063,08-10,Tuesday,1
4064,08-10,Tuesday,1
4065,08-10,Tuesday,1
4066,08-10,Tuesday,1
4067,08-10,Wednesday,1
4068,08-10,Wednesday,1
4069,08-10,Wednesday,1
4070,08-10,Wednesday,1
4071,08-10,Wednesday,1
4072,08-10,Wednesday,1
4073,08-10,Wednesday,1
4074,08-10,Wednesday,1
4075,08-10,Wednesday,1
4076,08-10,Wednesday,1
4077,08-10,Wednesday,1
4078,08-10,Wednesday,1
4079,08-10,Wednesday,1
4080,08-10,Wednesday,1
4081,08-10,Wednesday,1
4082,08-10,Wednesday,1
4083,08-10,Wednesday,1
4084,08-10,Wednesday,1
4085,08-10,Wednesday,1
4086,08-10,Wednesday,1
4087,08-10,Wednesday,1
4088,08-10,Wednesday,1
4089,08-10,Wednesday,1
4090,08-10,Wednesday,1
4091,08-10,Wednesday,1
4092,08-10,Wednesday,1
4093,08-10,Wednesday,1
4094,08-10,Wednesday,1
4095,08-10,Wednesday,1
4096,08-10,Wednesday,1
4097,08-10,Wednesday,1
4098,08-10,Wednesday,1
4099,08-10,Wednesday,1
4100,08-10,Wednesday,1
4101,08-10,Wednesday,1
4102,08-10,Wednesday,1
4103,08-10,Thursday,1
4104,08-10,Thursday,1
4105,08-10,Thursday,1
4106,08-10,Thursday,1
4107,08-10,Thursday,1
4108,08-10,Thursday,1
4109,08-10,Thursday,1
4110,08-10,Thursday,1
4111,08-10,Thursday,1
4112,08-10,Thursday,1
4113,08-10,Thursday,1
4114,08-10,Thursday,1
4115,08-10,Thursday,1
4116,08-10,Thursday,1
4117,08-10,Thursday,1
4118,08-10,Thursday,1
4119,08-10,Thursday,1
4120,08-10,Thursday,1
4121,08-10,Thursday,1
4122,08-10,Thursday,1
4123,08-10,Thursday,1
4124,08-10,Thursday,1
4125,08-10,Thursday,1
4126,08-10,Thursday,1
4127,08-10,Thursday,1
4128,08-10,Thursday,1
4129,08-10,Thursday,1
4130,08-10,Thursday,1
4131,08-10,Friday,1
4132,08-10,Friday,1
4133,08-10,Friday,1
4134,08-10,Friday,1
4135,08-10,Friday,1
4136,08-10,Friday,1
4137,08-10,Friday,1
4138,08-10,Friday,1
4139,08-10,Friday,1
4140,08-10,Friday,1
4141,08-10,Friday,1
4142,08-10,Friday,1
4143,08-10,Friday,1
4144,08-10,Friday,1
4145,08-10,Friday,1
4146,08-10,Friday,1
4147,08-10,Friday,1
4148,08-10,Friday,1
4149,08-10,Friday,1
4150,08-10,Friday,1
4151,08-10,Friday,1
4152,08-10,Friday,1
4153,08-10,Friday,1
4154,08-10,Friday,1
4155,08-10,Friday,1
4156,08-10,Friday,1
4157,08-10,Friday,1
4158,08-10,Friday,1
4159,08-10,Friday,1
4160,08-10,Friday,1
4161,08-10,Saturday,1
4162,08-10,Saturday,1
4163,08-10,Saturday,1
4164,08-10,Saturday,1
4165,08-10,Saturday,1
4166,08-10,Saturday,1
4167,08-10,Saturday,1
4168,08-10,Saturday,1
4169,08-10,Saturday,1
4170,08-10,Saturday,1
4171,08-10,Saturday,1
4172,08-10,Saturday,1
4173,08-10,Saturday,1
4174,08-10,Saturday,1
4175,08-10,Saturday,1
4176,08-10,Saturday,1
4177,08-10,Saturday,1
4178,08-10,Saturday,1
4179,08-10,Saturday,1
4180,08-10,Saturday,1
4181,08-10,Saturday,1
4182,08-10,Saturday,1
4183,08-10,Saturday,1
4184,08-10,Saturday,1
4185,08-10,Saturday,1
4186,08-10,Saturday,1
4187,08-10,Saturday,1
4188,08-10,Sunday,1
4189,08-10,Sunday,1
4190,08-10,Sunday,1
4191,08-10,Sunday,1
4192,08-10,Sunday,1
4193,08-10,Sunday,1
4194,08-10,Sunday,1
4195,08-10,Sunday,1
4196,08-10,Sunday,1
4197,08-10,Sunday,1
4198,08-10,Sunday,1
4199,08-10,Sunday,1
4200,08-10,Sunday,1
4201,08-10,Sunday,1
4202,08-10,Sunday,1
4203,08-10,Sunday,1
4204,08-10,Sunday,1
4205,08-10,Sunday,1
4206,08-10,Sunday,1
4207,08-10,Sunday,1
4208,08-10,Sunday,1
4209,08-10,Sunday,1
4210,08-10,Sunday,1
4211,08-10,Sunday,1
4212,08-10,Sunday,1
4213,08-10,Sunday,1
4214,08-10,Sunday,1
4215,08-10,Sunday,1
4216,08-10,Sunday,1
4217,08-10,Sunday,1
4218,06-08,Monday,1
4219,06-08,Monday,1
4220,06-08,Monday,1
4221,06-08,Monday,1
4222,06-08,Monday,1
4223,06-08,Monday,1
4224,06-08,Monday,1
4225,06-08,Monday,1
4226,06-08,Monday,1
4227,06-08,Monday,1
4228,06-08,Monday,1
4229,06-08,Monday,1
4230,06-08,Monday,1
4231,06-08,Monday,1
4232,06-08,Monday,1
4233,06-08,Monday,1
4234,06-08,Tuesday,1
4235,06-08,Tuesday,1
4236,06-08,Tuesday,1
4237,06-08,Tuesday,1
4238,06-08,Tuesday,1
4239,06-08,Tuesday,1
4240,06-08,Tuesday,1
4241,06-08,Tuesday,1
4242,06-08,Tuesday,1
4243,06-08,Tuesday,1
4244,06-08,Tuesday,1
4245,06-08,Tuesday,1
4246,06-08,Tuesday,1
4247,06-08,Tuesday,1
4248,06-08,Tuesday,1
4249,06-08,Tuesday,1
4250,06-08,Tuesday,1
4251,06-08,Wednesday,1
4252,06-08,Wednesday,1
4253,06-08,Wednesday,1
4254,06-08,Wednesday,1
4255,06-08,Wednesday,1
4256,06-08,Wednesday,1
4257,06-08,Wednesday,1
4258,06-08,Wednesday,1
4259,06-08,Wednesday,1
4260,06-08,Wednesday,1
4261,06-08,Wednesday,1
4262,06-08,Wednesday,1
4263,06-08,Wednesday,1
4264,06-08,Wednesday,1
4265,06-08,Wednesday,1
4266,06-08,Wednesday,1
4267,06-08,Thursday,1
4268,06-08,Thursday,1
4269,06-08,Thursday,1
4270,06-08,Thursday,1
4271,06-08,Thursday,1
4272,06-08,Thursday,1
4273,06-08,Thursday,1
4274,06-08,Thursday,1
4275,06-08,Thursday,1
4276,06-08,Thursday,1
4277,06-08,Friday,1
4278,06-08,Friday,1
4279,06-08,Friday,1
4280,06-08,Friday,1
4281,06-08,Friday,1
4282,06-08,Friday,1
4283,06-08,Friday,1
4284,06-08,Friday,1
4285,06-08,Friday,1
4286,06-08,Friday,1
4287,06-08,Friday,1
4288,06-08,Friday,1
4289,06-08,Friday,1
4290,06-08,Friday,1
4291,06-08,Friday,1
4292,06-08,Friday,1
4293,06-08,Friday,1
4294,06-08,Friday,1
4295,06-08,Saturday,1
4296,06-08,Saturday,1
4297,06-08,Saturday,1
4298,06-08,Saturday,1
4299,06-08,Saturday,1
4300,06-08,Saturday,1
4301,06-08,Saturday,1
4302,06-08,Saturday,1
4303,06-08,Saturday,1
4304,06-08,Saturday,1
4305,06-08,Saturday,1
4306,06-08,Saturday,1
4307,06-08,Saturday,1
4308,06-08,Saturday,1
4309,06-08,Sunday,1
4310,06-08,Sunday,1
4311,06-08,Sunday,1
4312,06-08,Sunday,1
4313,06-08,Sunday,1
4314,06-08,Sunday,1
4315,06-08,Sunday,1
4316,06-08,Sunday,1
4317,06-08,Sunday,1
4318,06-08,Sunday,1
4319,06-08,Sunday,1
4320,04-06,Monday,1
4321,04-06,Monday,1
4322,04-06,Monday,1
4323,04-06,Monday,1
4324,04-06,Monday,1
4325,04-06,Monday,1
4326,04-06,Tuesday,1
4327,04-06,Tuesday,1
4328,04-06,Tuesday,1
4329,04-06,Tuesday,1
4330,04-06,Tuesday,1
4331,04-06,Tuesday,1
4332,04-06,Wednesday,1
4333,04-06,Wednesday,1
4334,04-06,Wednesday,1
4335,04-06,Wednesday,1
4336,04-06,Wednesday,1
4337,04-06,Wednesday,1
4338,04-06,Wednesday,1
4339,04-06,Wednesday,1
4340,04-06,Wednesday,1
4341,04-06,Wednesday,1
4342,04-06,Thursday,1
4343,04-06,Thursday,1
4344,04-06,Thursday,1
4345,04-06,Thursday,1
4346,04-06,Thursday,1
4347,04-06,Thursday,1
4348,04-06,Thursday,1
4349,04-06,Thursday,1
4350,04-06,Thursday,1
4351,04-06,Friday,1
4352,04-06,Friday,1
4353,04-06,Friday,1
4354,04-06,Friday,1
4355,04-06,Friday,1
4356,04-06,Friday,1
4357,04-06,Friday,1
4358,04-06,Friday,1
4359,04-06,Saturday,1
4360,04-06,Saturday,1
4361,04-06,Saturday,1
4362,04-06,Saturday,1
4363,04-06,Saturday,1
4364,04-06,Saturday,1
4365,04-06,Saturday,1
4366,04-06,Saturday,1
4367,04-06,Saturday,1
4368,04-06,Sunday,1
4369,04-06,Sunday,1
4370,04-06,Sunday,1
4371,04-06,Sunday,1
4372,04-06,Sunday,1
4373,04-06,Sunday,1
4374,04-06,Sunday,1
4375,02-04,Monday,1
4376,02-04,Monday,1
4377,02-04,Monday,1
4378,02-04,Monday,1
4379,02-04,Monday,1
4380,02-04,Monday,1
4381,02-04,Monday,1
4382,02-04,Monday,1
4383,02-04,Tuesday,1
4384,02-04,Tuesday,1
4385,02-04,Tuesday,1
4386,02-04,Tuesday,1
4387,02-04,Tuesday,1
4388,02-04,Tuesday,1
4389,02-04,Tuesday,1
4390,02-04,Tuesday,1
4391,02-04,Wednesday,1
4392,02-04,Wednesday,1
4393,02-04,Wednesday,1
4394,02-04,Wednesday,1
4395,02-04,Wednesday,1
4396,02-04,Wednesday,1
4397,02-04,Wednesday,1
4398,02-04,Wednesday,1
4399,02-04,Wednesday,1
4400,02-04,Wednesday,1
4401,02-04,Wednesday,1
4402,02-04,Wednesday,1
4403,02-04,Thursday,1
4404,02-04,Thursday,1
4405,02-04,Thursday,1
4406,02-04,Thursday,1
4407,02-04,Thursday,1
4408,02-04,Thursday,1
4409,02-04,Thursday,1
4410,02-04,Thursday,1
4411,02-04,Thursday,1
4412,02-04,Thursday,1
4413,02-04,Friday,1
4414,02-04,Friday,1
4415,02-04,Friday,1
4416,02-04,Friday,1
4417,02-04,Friday,1
4418,02-04,Friday,1
4419,02-04,Friday,1
4420,02-04,Friday,1
4421,02-04,Friday,1
4422,02-04,Friday,1
4423,02-04,Saturday,1
4424,02-04,Saturday,1
4425,02-04,Saturday,1
4426,02-04,Saturday,1
4427,02-04,Saturday,1
4428,02-04,Saturday,1
4429,02-04,Saturday,1
4430,02-04,Saturday,1
4431,02-04,Saturday,1
4432,02-04,Saturday,1
4433,02-04,Saturday,1
4434,02-04,Saturday,1
4435,02-04,Saturday,1
4436,02-04,Saturday,1
4437,02-04,Saturday,1
4438,02-04,Saturday,1
4439,02-04,Saturday,1
4440,02-04,Sunday,1
4441,02-04,Sunday,1
4442,02-04,Sunday,1
4443,02-04,Sunday,1
4444,02-04,Sunday,1
4445,02-04,Sunday,1
4446,02-04,Sunday,1
4447,02-04,Sunday,1
4448,02-04,Sunday,1
4449,02-04,Sunday,1
4450,02-04,Sunday,1
4451,02-04,Sunday,1
4452,02-04,Sunday,1
4453,02-04,Sunday,1
4454,02-04,Sunday,1
4455,02-04,Sunday,1
4456,02-04,Sunday,1
4457,02-04,Sunday,1
4458,02-04,Sunday,1
4459,02-04,Sunday,1
4460,02-04,Sunday,1
4461,02-04,Sunday,1
4462,02-04,Sunday,1
4463,02-04,Sunday,1
4464,02-04,Sunday,1
4465,02-04,Sunday,1
4466,02-04,Sunday,1
4467,02-04,Sunday,1
4468,02-04,Sunday,1
4469,02-04,Sunday,1
4470,02-04,Sunday,1
4471,02-04,Sunday,1
4472,00-02,Monday,1
4473,00-02,Monday,1
4474,00-02,Monday,1
4475,00-02,Monday,1
4476,00-02,Monday,1
4477,00-02,Monday,1
4478,00-02,Monday,1
4479,00-02,Monday,1
4480,00-02,Monday,1
4481,00-02,Monday,1
4482,00-02,Monday,1
4483,00-02,Monday,1
4484,00-02,Monday,1
4485,00-02,Monday,1
4486,00-02,Monday,1
4487,00-02,Monday,1
4488,00-02,Monday,1
4489,00-02,Monday,1
4490,00-02,Monday,1
4491,00-02,Monday,1
4492,00-02,Monday,1
4493,00-02,Monday,1
4494,00-02,Monday,1
4495,00-02,Monday,1
4496,00-02,Monday,1
4497,00-02,Tuesday,1
4498,00-02,Tuesday,1
4499,00-02,Tuesday,1
4500,00-02,Tuesday,1
4501,00-02,Tuesday,1
4502,00-02,Tuesday,1
4503,00-02,Tuesday,1
4504,00-02,Tuesday,1
4505,00-02,Tuesday,1
4506,00-02,Tuesday,1
4507,00-02,Tuesday,1
4508,00-02,Tuesday,1
4509,00-02,Tuesday,1
4510,00-02,Tuesday,1
4511,00-02,Tuesday,1
4512,00-02,Tuesday,1
4513,00-02,Tuesday,1
4514,00-02,Tuesday,1
4515,00-02,Tuesday,1
4516,00-02,Tuesday,1
4517,00-02,Tuesday,1
4518,00-02,Tuesday,1
4519,00-02,Tuesday,1
4520,00-02,Tuesday,1
4521,00-02,Tuesday,1
4522,00-02,Tuesday,1
4523,00-02,Wednesday,1
4524,00-02,Wednesday,1
4525,00-02,Wednesday,1
4526,00-02,Wednesday,1
4527,00-02,Wednesday,1
4528,00-02,Wednesday,1
4529,00-02,Wednesday,1
4530,00-02,Wednesday,1
4531,00-02,Wednesday,1
4532,00-02,Wednesday,1
4533,00-02,Wednesday,1
4534,00-02,Wednesday,1
4535,00-02,Wednesday,1
4536,00-02,Wednesday,1
4537,00-02,Wednesday,1
4538,00-02,Wednesday,1
4539,00-02,Wednesday,1
4540,00-02,Wednesday,1
4541,00-02,Wednesday,1
4542,00-02,Wednesday,1
4543,00-02,Wednesday,1
4544,00-02,Wednesday,1
4545,00-02,Wednesday,1
4546,00-02,Wednesday,1
4547,00-02,Wednesday,1
4548,00-02,Wednesday,1
4549,00-02,Thursday,1
4550,00-02,Thursday,1
4551,00-02,Thursday,1
4552,00-02,Thursday,1
4553,00-02,Thursday,1
4554,00-02,Thursday,1
4555,00-02,Thursday,1
4556,00-02,Thursday,1
4557,00-02,Thursday,1
4558,00-02,Thursday,1
4559,00-02,Thursday,1
4560,00-02,Thursday,1
4561,00-02,Thursday,1
4562,00-02,Thursday,1
4563,00-02,Thursday,1
4564,00-02,Thursday,1
4565,00-02,Thursday,1
4566,00-02,Thursday,1
4567,00-02,Thursday,1
4568,00-02,Thursday,1
4569,00-02,Thursday,1
4570,00-02,Thursday,1
4571,00-02,Thursday,1
4572,00-02,Thursday,1
4573,00-02,Thursday,1
4574,00-02,Thursday,1
4575,00-02,Thursday,1
4576,00-02,Thursday,1
4577,00-02,Friday,1
4578,00-02,Friday,1
4579,00-02,Friday,1
4580,00-02,Friday,1
4581,00-02,Friday,1
4582,00-02,Friday,1
4583,00-02,Friday,1
4584,00-02,Friday,1
4585,00-02,Friday,1
4586,00-02,Friday,1
4587,00-02,Friday,1
4588,00-02,Friday,1
4589,00-02,Friday,1
4590,00-02,Friday,1
4591,00-02,Friday,1
4592,00-02,Friday,1
4593,00-02,Friday,1
4594,00-02,Friday,1
4595,00-02,Friday,1
4596,00-02,Friday,1
4597,00-02,Friday,1
4598,00-02,Friday,1
4599,00-02,Friday,1
4600,00-02,Friday,1
4601,00-02,Friday,1
4602,00-02,Friday,1
4603,00-02,Friday,1
4604,00-02,Friday,1
4605,00-02,Friday,1
4606,00-02,Friday,1
4607,00-02,Friday,1
4608,00-02,Friday,1
4609,00-02,Friday,1
4610,00-02,Friday,1
4611,00-02,Friday,1
4612,00-02,Friday,1
4613,00-02,Friday,1
4614,00-02,Friday,1
4615,00-02,Friday,1
4616,00-02,Saturday,1
4617,00-02,Saturday,1
4618,00-02,Saturday,1
4619,00-02,Saturday,1
4620,00-02,Saturday,1
4621,00-02,Saturday,1
4622,00-02,Saturday,1
4623,00-02,Saturday,1
4624,00-02,Saturday,1
4625,00-02,Saturday,1
4626,00-02,Saturday,1
4627,00-02,Saturday,1
4628,00-02,Saturday,1
4629,00-02,Saturday,1
4630,00-02,Saturday,1
4631,00-02,Saturday,1
4632,00-02,Saturday,1
4633,00-02,Saturday,1
4634,00-02,Saturday,1
4635,00-02,Saturday,1
4636,00-02,Saturday,1
4637,00-02,Saturday,1
4638,00-02,Saturday,1
4639,00-02,Saturday,1
4640,00-02,Saturday,1
4641,00-02,Saturday,1
4642,00-02,Saturday,1
4643,00-02,Saturday,1
4644,00-02,Saturday,1
4645,00-02,Saturday,1
4646,00-02,Saturday,1
4647,00-02,Saturday,1
4648,00-02,Saturday,1
4649,00-02,Saturday,1
4650,00-02,Saturday,1
4651,00-02,Saturday,1
4652,00-02,Saturday,1
4653,00-02,Saturday,1
4654,00-02,Saturday,1
4655,00-02,Saturday,1
4656,00-02,Saturday,1
4657,00-02,Saturday,1
4658,00-02,Saturday,1
4659,00-02,Saturday,1
4660,00-02,Saturday,1
4661,00-02,Saturday,1
4662,00-02,Saturday,1
4663,00-02,Saturday,1
4664,00-02,Sunday,1
4665,00-02,Sunday,1
4666,00-02,Sunday,1
4667,00-02,Sunday,1
4668,00-02,Sunday,1
4669,00-02,Sunday,1
4670,00-02,Sunday,1
4671,00-02,Sunday,1
4672,00-02,Sunday,1
4673,00-02,Sunday,1
4674,00-02,Sunday,1
4675,00-02,Sunday,1
4676,00-02,Sunday,1
4677,00-02,Sunday,1
4678,00-02,Sunday,1
4679,00-02,Sunday,1
4680,00-02,Sunday,1
4681,00-02,Sunday,1
4682,00-02,Sunday,1
4683,00-02,Sunday,1
4684,00-02,Sunday,1
4685,00-02,Sunday,1
4686,00-02,Sunday,1
4687,00-02,Sunday,1
4688,00-02,Sunday,1
4689,00-02,Sunday,1
4690,00-02,Sunday,1
4691,00-02,Sunday,1
4692,00-02,Sunday,1
4693,00-02,Sunday,1
4694,00-02,Sunday,1
4695,00-02,Sunday,1
4696,00-02,Sunday,1
4697,00-02,Sunday,1
4698,00-02,Sunday,1
4699,00-02,Sunday,1
4700,00-02,Sunday,1
4701,00-02,Sunday,1
4702,00-02,Sunday,1
4703,00-02,Sunday,1
4704,00-02,Sunday,1
4705,00-02,Sunday,1
4706,00-02,Sunday,1
4707,00-02,Sunday,1
4708,00-02,Sunday,1
4709,00-02,Sunday,1
4710,00-02,Sunday,1
4711,00-02,Sunday,1
4712,00-02,Sunday,1
4713,00-02,Sunday,1
4714,00-02,Sunday,1
4715,00-02,Sunday,1
4716,00-02,Sunday,1
4717,00-02,Sunday,1
4718,00-02,Sunday,1
4719,00-02,Sunday,1
4720,00-02,Sunday,1
